id,rust,group,score
fi_00000,0,healthy,-5.1250
fi_00006,0,healthy,-3.8750
fi_00024,0,healthy,-5.2500
fi_00038,0,healthy,-2.8750
fi_00042,0,healthy,-5.3750
fi_00045,0,healthy,6.7500
fi_00051,0,healthy,6.6250
fi_00068,0,healthy,-5.0000
fi_00081,0,healthy,-4.8750
fi_00091,0,healthy,-5.2500
fi_00094,0,healthy,-3.3750
fi_00096,0,healthy,-3.8750
fi_00098,0,healthy,-4.8750
fi_00104,0,healthy,-5.0000
fi_00112,0,healthy,-5.3750
fi_00125,0,healthy,-6.0000
fi_00132,0,healthy,-3.8750
fi_00133,0,healthy,-5.2500
fi_00137,0,healthy,-5.3750
fi_00138,0,healthy,-5.7500
fi_00156,0,healthy,-5.5000
fi_00172,0,healthy,-2.8750
fi_00182,0,healthy,-3.7500
fi_00186,0,healthy,-5.2500
fi_00187,0,healthy,-4.6250
fi_00200,0,healthy,-4.7500
fi_00201,0,healthy,-3.7500
fi_00206,0,healthy,-3.8750
fi_00207,0,healthy,-5.2500
fi_00209,0,healthy,-3.2500
fi_00213,0,healthy,-4.0000
fi_00222,0,healthy,-3.8750
fi_00223,0,healthy,-4.8750
fi_00238,0,healthy,-4.1250
fi_00241,0,healthy,-3.1250
fi_00248,0,healthy,-4.8750
fi_00255,0,healthy,-4.1250
fi_00265,0,healthy,-5.1250
fi_00267,0,healthy,-4.8750
fi_00274,0,healthy,-5.5000
fi_00286,0,healthy,-4.8750
fi_00288,0,healthy,-4.3750
fi_00296,0,healthy,-4.7500
fi_00310,0,healthy,-2.8750
fi_00317,0,healthy,-3.5000
fi_00320,0,healthy,-4.1250
fi_00342,0,healthy,-4.7500
fi_00345,0,healthy,-3.8750
fi_00359,0,healthy,-5.0000
fi_00362,0,healthy,-4.5000
fi_00363,0,healthy,-3.6250
fi_00368,0,healthy,-4.7500
fi_00371,0,healthy,-6.0000
fi_00375,0,healthy,-3.7500
fi_00378,0,healthy,-4.6250
fi_00394,0,healthy,-5.0000
fi_00398,0,healthy,-4.8750
fi_00399,0,healthy,5.5000
fi_00409,0,healthy,5.8750
fi_00411,0,healthy,-3.5000
fi_00422,0,healthy,-5.7500
fi_00429,0,healthy,-2.1250
fi_00478,0,healthy,-4.0000
fi_00517,0,healthy,-5.0000
fi_00525,0,healthy,-4.5000
fi_00528,0,healthy,-5.6250
fi_00533,0,healthy,-5.1250
fi_00534,0,healthy,-0.5000
fi_00536,0,healthy,-5.5000
fi_00542,0,healthy,-5.5000
fi_00560,0,healthy,-5.2500
fi_00561,0,healthy,-5.7500
fi_00573,0,healthy,-4.1250
fi_00574,0,healthy,-2.7500
fi_00583,0,healthy,-3.5000
fi_00594,0,healthy,-4.5000
fi_00596,0,healthy,-3.5000
fi_00598,0,healthy,-0.8750
fi_00616,0,healthy,2.8750
fi_00621,0,healthy,-4.2500
fi_00622,0,healthy,-4.8750
fi_00629,0,healthy,-4.7500
fi_00639,0,healthy,-2.2500
fi_00643,0,healthy,-4.7500
fi_00668,0,healthy,-3.8750
fi_00689,0,healthy,-4.7500
fi_00692,0,healthy,-4.0000
fi_00696,0,healthy,-1.0000
fi_00709,0,healthy,-4.3750
fi_00718,0,healthy,-3.8750
fi_00724,0,healthy,-4.2500
fi_00731,0,healthy,-2.6250
fi_00735,0,healthy,-1.3750
fi_00745,1,rust,5.0000
fi_00749,1,rust,2.8750
fi_00751,1,rust,-2.7500
fi_00752,1,rust,7.3750
fi_00754,1,rust,6.5000
fi_00755,1,rust,6.7500
fi_00758,1,rust,2.1250
fi_00759,1,rust,7.3125
fi_00779,1,rust,3.0000
fi_00796,1,rust,6.5000
fi_00803,1,rust,5.1250
fi_00811,1,rust,-3.2500
fi_00812,1,rust,-4.6250
fi_00820,1,rust,4.2500
fi_00823,1,rust,1.1250
fi_00825,1,rust,2.5000
fi_00829,1,rust,-3.7500
fi_00833,1,rust,4.8750
fi_00837,1,rust,-2.7500
fi_00843,1,rust,-2.1250
fi_00844,1,rust,-0.3750
fi_00853,1,rust,2.1250
fi_00855,1,rust,0.3750
fi_00856,1,rust,-2.2500
fi_00867,1,rust,2.1250
fi_00868,1,rust,-3.6250
fi_00869,1,rust,-5.0000
fi_00874,1,rust,5.2500
fi_00875,1,rust,3.0000
fi_00877,1,rust,-2.0000
fi_00881,1,rust,2.3750
fi_00882,1,rust,2.7500
fi_00884,1,rust,-5.6250
fi_00885,1,rust,-1.1250
fi_00892,1,rust,2.8750
fi_00901,1,rust,3.7500
fi_00905,1,rust,-0.2500
fi_00908,1,rust,4.5000
fi_00909,1,rust,6.3125
fi_00914,1,rust,4.2500
fi_00919,1,rust,4.1250
fi_00921,1,rust,4.7500
fi_00924,1,rust,4.1250
fi_00925,1,rust,5.7500
fi_00929,1,rust,4.7500
fi_00935,1,rust,3.3750
fi_00937,1,rust,6.1875
fi_00944,1,rust,3.3750
fi_00948,1,rust,4.7500
fi_00949,1,rust,6.5625
fi_00955,1,rust,5.0000
fi_00956,1,rust,5.8750
fi_00967,1,rust,3.7500
fi_00972,1,rust,5.3750
fi_00978,1,rust,6.8125
fi_00982,1,rust,6.0000
fi_00990,1,rust,6.5625
fi_00992,1,rust,-2.1250
fi_00998,1,rust,-0.1250
fi_01002,1,rust,2.2500
fi_01016,1,rust,5.9375
fi_01017,1,rust,6.3750
fi_01023,1,rust,5.8125
fi_01028,1,rust,6.1875
fi_01030,1,rust,5.5000
fi_01031,1,rust,5.7500
fi_01034,1,rust,6.4375
fi_01035,1,rust,5.0000
fi_01039,1,rust,3.7500
fi_01041,1,rust,4.0000
fi_01045,1,rust,5.5000
fi_01046,1,rust,4.6250
fi_01049,1,rust,-0.3750
fi_01050,1,rust,6.0625
fi_01051,1,rust,4.6250
fi_01052,1,rust,3.1250
fi_01053,1,rust,4.0000
fi_01056,1,rust,5.3750
fi_01061,1,rust,3.1250
fi_01062,1,rust,5.5000
fi_01068,1,rust,-1.7500
fi_01070,1,rust,3.5000
fi_01073,1,rust,2.5000
fi_01075,1,rust,6.0000
fi_01077,1,rust,5.8750
fi_01091,1,rust,-2.0000
fi_01092,1,rust,3.1250
fi_01093,1,rust,-2.2500
fi_01094,1,rust,6.0625
fi_01095,1,rust,6.9375
fi_01098,1,rust,1.1250
fi_01113,1,rust,7.0000
fi_01115,1,rust,6.3125
fi_01117,1,rust,-2.3750
fi_01118,1,rust,1.0000
fi_01120,1,rust,1.5000
fi_01122,1,rust,1.6250
fi_01136,1,rust,3.0000
fi_01139,1,rust,6.2500
fi_01141,1,rust,-2.6250
fi_01143,1,rust,5.2500
fi_01153,1,rust,1.6250
fi_01155,1,rust,6.9375
fi_01157,1,rust,-2.3750
fi_01158,1,rust,0.7500
fi_01163,1,rust,2.1250
fi_01164,1,rust,6.0000
fi_01170,1,rust,0.5000
fi_01173,1,rust,1.3750
fi_01174,1,rust,-3.7500
fi_01181,1,rust,4.2500
fi_01183,1,rust,7.5625
fi_01187,1,rust,4.7500
fi_01191,1,rust,7.3750
fi_01192,1,rust,7.5000
fi_01193,1,rust,0.3750
fi_01195,1,rust,5.9375
fi_01199,1,rust,5.5000
fi_01200,1,rust,5.6875
fi_01208,1,rust,5.3750
fi_01211,1,rust,4.8750
fi_01213,1,rust,7.3125
fi_01216,1,rust,6.2500
fi_01218,1,rust,6.3750
fi_01221,1,rust,6.5625
fi_01223,1,rust,6.2500
fi_01225,1,rust,0.2500
fi_01228,1,rust,4.3750
fi_01229,1,rust,5.1250
fi_01236,1,rust,7.3125
fi_01241,1,rust,3.8750
fi_01243,1,rust,7.5625
fi_01251,1,rust,6.0625
fi_01258,1,rust,8.0000
fi_01259,1,rust,7.0000
fi_01260,1,rust,6.5000
fi_01273,1,rust,4.7500
fi_01277,1,rust,-0.5000
fi_01282,1,rust,5.2500
fi_01287,1,rust,7.0625
fi_01291,1,rust,7.1875
fi_01301,1,rust,6.8125
fi_01302,1,rust,6.0000
fi_01304,1,rust,5.8125
fi_01306,1,rust,3.2500
fi_01321,1,rust,6.7500
fi_01323,1,rust,6.6250
fi_01328,1,rust,6.6875
fi_01333,1,rust,6.8750
fi_01341,1,rust,6.1250
fi_01348,0,other,-5.0000
fi_01355,0,other,-6.1250
fi_01367,0,other,-5.6250
fi_01390,0,other,-0.8750
fi_01392,0,other,-3.3750
fi_01394,0,other,-3.5000
fi_01409,0,other,5.0000
fi_01412,0,other,-3.7500
fi_01425,0,other,-3.7500
fi_01429,0,other,-2.7500
fi_01430,0,other,-2.0000
fi_01443,0,other,-3.5000
fi_01445,0,other,-4.7500
fi_01452,0,other,3.8750
fi_01453,0,other,-2.1250
fi_01481,0,other,0.1250
fi_01495,0,other,-4.6250
fi_01517,0,other,-3.5000
fi_01520,0,other,-4.8750
fi_01524,0,other,-0.6250
fi_01525,0,other,-4.0000
fi_01544,0,other,-4.0000
fi_01545,0,other,-4.6250
fi_01554,0,other,1.0000
fi_01560,0,other,-0.5000
fi_01564,0,other,-1.8750
fi_01571,0,other,1.5000
fi_01573,0,other,-4.0000
fi_01586,0,other,-4.0000
fi_01587,0,other,-4.5000
fi_01588,0,other,-4.7500
fi_01589,0,other,-3.6250
fi_01591,0,other,-3.3750
fi_01594,0,other,-1.8750
fi_01601,0,other,-5.6250
fi_01612,0,other,-3.5000
fi_01613,0,other,-2.6250
fi_01622,0,other,-5.6250
fi_01627,0,other,-3.6250
fi_01631,0,other,-3.5000
fi_01637,0,other,-3.7500
fi_01643,0,other,-2.7500
fi_01657,0,other,-3.8750
fi_01667,0,other,-1.7500
fi_01674,0,other,-4.8750
fi_01675,0,other,-5.7500
fi_01692,0,other,-5.2500
fi_01702,0,other,-5.6250
fi_01703,0,other,-5.5000
fi_01706,0,other,-5.7500
fi_01709,0,other,1.3750
fi_01732,0,other,-4.8750
fi_01751,0,other,-5.0000
fi_01767,0,other,-5.6250
fi_01771,0,other,-5.1250
fi_01774,0,other,-5.1250
fi_01786,0,other,-6.0000
