id,image,source,split,group,rust,miner,phoma,cercospora,severity,predominant,n_stress,stratum,width,height,sha256,source_id,mode,preset,seed,bad,expect_unsure,variant,luma_mean,luma_std,sharp
u1713_glare_19,data/synthetic/unusable/images/u1713_glare_19.jpg,synthetic,train,unusable,,,,,,,,,1024,512,084d5a245f035743fe80b37d2cfb1a6ebbfc5daaacf943eed592b330f3d78a08,1713,whole,sun_wet,434551039,glare,1,0,0.786,0.045,2.16
u1102_defocus_18,data/synthetic/unusable/images/u1102_defocus_18.jpg,synthetic,train,unusable,,,,,,,,,896,672,3ad0d2c934412a6f94f1cf9fb0844d33ce6b79f667e2a31efad728ee559bfd9c,1102,whole,overcast,1179187131,defocus,1,0,0.307,0.054,0.54
u1567_glare_18,data/synthetic/unusable/images/u1567_glare_18.jpg,synthetic,train,unusable,,,,,,,,,1024,512,94c32b2401cd1cd4510888f93cfd91825df73b33107cbaec1c0c323cb3cfd14e,1567,whole,sun_wet,1860274281,glare,1,0,0.817,0.026,0.13
u0105_defocus_0,data/synthetic/unusable/images/u0105_defocus_0.jpg,synthetic,train,unusable,,,,,,,,,768,768,9060cbaa80b37a0d7af3d6b0db6031119feb5ac22c494fd406c38bfff6c164e5,105,whole,overcast,1495564839,defocus,1,0,0.472,0.046,0.22
u0758_glare_3,data/synthetic/unusable/images/u0758_glare_3.jpg,synthetic,train,unusable,,,,,,,,,1024,512,ec9b4b257abeb55d32ff4512aa5ede2d2811fe8d10e42c2456fe954740436719,758,whole,sun_wet,244143152,glare,1,0,0.799,0.032,0.17
u0774_tiny_16,data/synthetic/unusable/images/u0774_tiny_16.jpg,synthetic,train,unusable,,,,,,,,,1024,512,8a11233afe0137d3b7596126c5c9a3e8cff13815a1f923ed294210bd79ebcd50,774,whole,overcast,900933290,tiny,1,0,0.5,0.054,2.78
u0508_no_leaf_14,data/synthetic/unusable/images/u0508_no_leaf_14.jpg,synthetic,train,unusable,,,,,,,,,1024,512,9fe43a920304b3006e142324f25bb924eb6b0c8b8d8ba181af0fc41df0b8ed47,508,none,overcast,1114015486,no_leaf,1,0,0.566,0.088,1.17
u0956_tiny_29,data/synthetic/unusable/images/u0956_tiny_29.jpg,synthetic,train,unusable,,,,,,,,,896,672,26446f37370a8a384f8514976fdc351b123252cee29703abed1561d575123300,956,whole,overcast,237070584,tiny,1,0,0.616,0.058,8.57
u0174_glare_28,data/synthetic/unusable/images/u0174_glare_28.jpg,synthetic,train,unusable,,,,,,,,,1024,512,3e80977543978fa025a12dc157d0f6ec172d2533e8640df65b09ae9908e715ae,174,whole,sun_wet,1171053482,glare,1,0,0.809,0.035,2.1
u0715_no_leaf_8,data/synthetic/unusable/images/u0715_no_leaf_8.jpg,synthetic,train,unusable,,,,,,,,,896,672,f7c786cc3bf67ce6d681fea5552a3468e42d81fee21d1f270794632772ffd51b,715,none,overcast,581458591,no_leaf,1,0,0.455,0.073,0.46
u0427_no_leaf_18,data/synthetic/unusable/images/u0427_no_leaf_18.jpg,synthetic,train,unusable,,,,,,,,,1024,512,638327aec2a1fcdda014100f101b33e354041545018d1b6944321f6632c5f0c5,427,none,overcast,1271974613,no_leaf,1,0,0.537,0.082,0.29
u0372_glare_6,data/synthetic/unusable/images/u0372_glare_6.jpg,synthetic,train,unusable,,,,,,,,,1024,512,25af3885437ae4e57c8661567abcefcb27868d9ddae98d23bec96f9e10939389,372,whole,sun_wet,2129109183,glare,1,0,0.775,0.055,1.41
u1575_defocus_17,data/synthetic/unusable/images/u1575_defocus_17.jpg,synthetic,train,unusable,,,,,,,,,896,672,db2e051cee14fa195e86364108bb47c0cf9178c476e2e94c7e0f7506547f43d1,1575,whole,overcast,1459087914,defocus,1,0,0.659,0.044,0.13
u0587_defocus_2,data/synthetic/unusable/images/u0587_defocus_2.jpg,synthetic,train,unusable,,,,,,,,,1024,512,09f1e9e5c66b48e1e296132d86d25b5c33632d5505dc495a91d39c88e347fd62,587,whole,overcast,925557515,defocus,1,0,0.492,0.047,0.06
u0864_glare_14,data/synthetic/unusable/images/u0864_glare_14.jpg,synthetic,train,unusable,,,,,,,,,1024,512,299baaa83df040dea076e8da9836722af0f6727fbd78ea4990bc9c3721a8bb64,864,whole,sun_wet,1733805122,glare,1,0,0.797,0.058,0.12
u0096_no_leaf_25,data/synthetic/unusable/images/u0096_no_leaf_25.jpg,synthetic,train,unusable,,,,,,,,,768,768,e44144c498a862a162d721523934f2344be90afc48f97b54c1c384b7ca5780c6,96,none,overcast,508356011,no_leaf,1,0,0.523,0.085,1.09
u0305_glare_9,data/synthetic/unusable/images/u0305_glare_9.jpg,synthetic,train,unusable,,,,,,,,,1024,512,26100e100f446cddb2b2068e5417a532226a298261f81993dec9388621287443,305,whole,sun_wet,1851309358,glare,1,0,0.761,0.039,0.28
u1435_dark_13,data/synthetic/unusable/images/u1435_dark_13.jpg,synthetic,train,unusable,,,,,,,,,1024,512,e02dd92ecb3a3bb0c0f154e90f040748129131db5911ba07137f01e4fd2756d6,1435,whole,shade,290728209,dark,1,0,0.07,0.018,0.39
u1327_dark_10,data/synthetic/unusable/images/u1327_dark_10.jpg,synthetic,train,unusable,,,,,,,,,1024,512,ba7e82c47a55b7a2ae7fd14baaeb40c632a85769ccad429fb49d298e8fd2b3d1,1327,whole,shade,140343467,dark,1,0,0.078,0.023,3.1
u0954_defocus_22,data/synthetic/unusable/images/u0954_defocus_22.jpg,synthetic,train,unusable,,,,,,,,,1024,512,93eb03b4b59a00700777dec34484b0a6cc477034b4312203f57a7c88a96c7ed1,954,whole,overcast,229657958,defocus,1,0,0.561,0.069,0.05
u0180_defocus_20,data/synthetic/unusable/images/u0180_defocus_20.jpg,synthetic,train,unusable,,,,,,,,,1024,512,11911c925ebeaf0b6b18207ecdd62d6b217f1f7c83bf3456e3840b3ce4e65e93,180,whole,overcast,1673407562,defocus,1,0,0.334,0.084,0.12
u0303_dark_28,data/synthetic/unusable/images/u0303_dark_28.jpg,synthetic,train,unusable,,,,,,,,,768,768,576aa9b0eeb84c6c286aa9d8f5be692acc4e56856c5dc60e7d1dba0dd6ec78f6,303,whole,overcast,766223194,dark,1,0,0.035,0.012,0.63
u0008_no_leaf_17,data/synthetic/unusable/images/u0008_no_leaf_17.jpg,synthetic,train,unusable,,,,,,,,,1024,512,5e003f99b350e04e82e7e5c04ab991a3fccafa4815c3b7f6803ae4b9ec9f588a,8,none,overcast,1534056260,no_leaf,1,0,0.52,0.064,0.11
u1571_no_leaf_4,data/synthetic/unusable/images/u1571_no_leaf_4.jpg,synthetic,train,unusable,,,,,,,,,1024,512,75035ec9b5b62addba74d05850bad4c9924b5facce812f528931d278f6707ec0,1571,none,overcast,723392180,no_leaf,1,0,0.57,0.086,0.17
u0298_tiny_4,data/synthetic/unusable/images/u0298_tiny_4.jpg,synthetic,train,unusable,,,,,,,,,1024,512,87c8d37482e742dfb3f353efcf7341f957cde51dabd7df962d0c6ddbe882a7d5,298,whole,overcast,485039906,tiny,1,0,0.622,0.035,3.77
u0947_glare_11,data/synthetic/unusable/images/u0947_glare_11.jpg,synthetic,train,unusable,,,,,,,,,768,768,09455d16f31f0dec8dd128048d7b9adb7e984f90413dcda8785b7ee64ce38437,947,whole,sun_wet,389886157,glare,1,0,0.778,0.064,4.75
u1337_tiny_3,data/synthetic/unusable/images/u1337_tiny_3.jpg,synthetic,train,unusable,,,,,,,,,1024,512,56cf26c59dba2d15485f2c77bf5615fd8b8df8a5d6ac6ac9b9fae0e2c6f89f24,1337,whole,overcast,42830465,tiny,1,0,0.539,0.042,3.43
u1385_defocus_21,data/synthetic/unusable/images/u1385_defocus_21.jpg,synthetic,train,unusable,,,,,,,,,896,672,d5fac42f2a8bc51ee979fbd523b8ebcae852991dbe60b3fa5841ba3c2f7f20a9,1385,whole,overcast,347675868,defocus,1,0,0.464,0.099,0.05
u0093_dark_6,data/synthetic/unusable/images/u0093_dark_6.jpg,synthetic,train,unusable,,,,,,,,,1024,512,8e1b6426c261772ce2f8c9fdaf6cc9b23c783e49e4a0667913111a7fdd2f4d3c,93,whole,overcast,1143777389,dark,1,0,0.099,0.027,4.11
u0089_defocus_1,data/synthetic/unusable/images/u0089_defocus_1.jpg,synthetic,train,unusable,,,,,,,,,1024,512,2005db8522ee421fc364f8b1a7cddf0227c017a8095b10b29fc206d7edb99cee,89,whole,overcast,774091441,defocus,1,0,0.41,0.061,0.16
u0420_no_leaf_28,data/synthetic/unusable/images/u0420_no_leaf_28.jpg,synthetic,train,unusable,,,,,,,,,1024,512,5da593e0cd194c222e84cb7e652ac0d01a47768e2fdb39894787837ecc7e4f20,420,none,overcast,1627232534,no_leaf,1,0,0.469,0.085,0.7
u0891_defocus_29,data/synthetic/unusable/images/u0891_defocus_29.jpg,synthetic,train,unusable,,,,,,,,,1024,512,4c0cab4e8d0b271ecd4ee6d7a126b2b2913b9999e9753cb430d94c398cda4d53,891,whole,overcast,442668270,defocus,1,0,0.497,0.054,0.11
u1083_dark_12,data/synthetic/unusable/images/u1083_dark_12.jpg,synthetic,train,unusable,,,,,,,,,896,672,0ba6a5914294da3ddd9178e1c891e0f4b0c6f0ea6fb0d6cee6b9cefc141f3ba4,1083,whole,shade,1716722055,dark,1,0,0.077,0.017,1.27
u1117_defocus_19,data/synthetic/unusable/images/u1117_defocus_19.jpg,synthetic,train,unusable,,,,,,,,,1024,512,4b4d160e3c37606bb022191e81b13f717b40888bb7ff2108747457b8d8734155,1117,whole,overcast,827311917,defocus,1,0,0.423,0.068,0.04
u1143_no_leaf_9,data/synthetic/unusable/images/u1143_no_leaf_9.jpg,synthetic,train,unusable,,,,,,,,,1024,512,9058e9a4e76ba946ba274b9fe804ece1115e44fefe1752184b64b1579729e82e,1143,none,overcast,1437559305,no_leaf,1,0,0.502,0.086,0.6
u0152_defocus_8,data/synthetic/unusable/images/u0152_defocus_8.jpg,synthetic,train,unusable,,,,,,,,,1024,512,e48bec37f0a26e1633177610f1cc90539e31b8600fb4c7e5434677acf7856ec3,152,whole,overcast,1476332053,defocus,1,0,0.573,0.043,0.05
u1275_defocus_4,data/synthetic/unusable/images/u1275_defocus_4.jpg,synthetic,train,unusable,,,,,,,,,896,672,47229a2783d1a4118a728a99bb0f874d94efd88d2289569eb98a10f697a7d45c,1275,whole,overcast,1581860414,defocus,1,0,0.445,0.067,0.03
u1747_tiny_24,data/synthetic/unusable/images/u1747_tiny_24.jpg,synthetic,train,unusable,,,,,,,,,768,768,6a83b1f59a589ea86bf1397101aa5853814be00d47e412244a37c88364af9695,1747,whole,overcast,1888490565,tiny,1,0,0.472,0.1,0.32
u1479_dark_29,data/synthetic/unusable/images/u1479_dark_29.jpg,synthetic,train,unusable,,,,,,,,,896,672,02ae9c04c5daf902faf841060b11d44859294e7eaa52f4214557fc2e646123f6,1479,whole,shade,1521259468,dark,1,0,0.068,0.035,17.85
u0287_tiny_5,data/synthetic/unusable/images/u0287_tiny_5.jpg,synthetic,train,unusable,,,,,,,,,768,768,ea3bd80f4615888396fbda64e27a5d37ddf6a597b2000d5146a2122858df38c6,287,whole,overcast,1810771892,tiny,1,0,0.373,0.045,10.97
u0844_no_leaf_26,data/synthetic/unusable/images/u0844_no_leaf_26.jpg,synthetic,train,unusable,,,,,,,,,1024,512,1ce495340b6007e7971da2f6866275fa032ba7a274e1d4dd4a63a5b1eaa8f337,844,none,overcast,122008593,no_leaf,1,0,0.422,0.057,0.19
u0011_dark_16,data/synthetic/unusable/images/u0011_dark_16.jpg,synthetic,train,unusable,,,,,,,,,1024,512,1aad19a0815e0d58c6232c6ec4e4778a7e48d6fc51b2e0e3e608cb9864bcd2df,11,whole,overcast,1631509918,dark,1,0,0.073,0.019,0.28
u0239_defocus_10,data/synthetic/unusable/images/u0239_defocus_10.jpg,synthetic,train,unusable,,,,,,,,,1024,512,8ab936fe4c2f0b51c621d47bda386e6e140a4d4446d3a8e40f4d3885ce93c118,239,whole,overcast,1217625993,defocus,1,0,0.58,0.054,0.04
u0099_dark_20,data/synthetic/unusable/images/u0099_dark_20.jpg,synthetic,train,unusable,,,,,,,,,1024,512,3aeeb01aab365697d8e79599379654630517150b8ff145a4b9430fb255b4d2e9,99,whole,overcast,594553704,dark,1,0,0.066,0.027,11.3
u0825_tiny_10,data/synthetic/unusable/images/u0825_tiny_10.jpg,synthetic,train,unusable,,,,,,,,,1024,512,1a4b5f602baa2dc8c35989a097922dfb7f2982b97605f49c7d51be31d2a7bf36,825,whole,overcast,1557169055,tiny,1,0,0.576,0.054,5.05
u0898_tiny_27,data/synthetic/unusable/images/u0898_tiny_27.jpg,synthetic,train,unusable,,,,,,,,,1024,512,c78f7e655ada5bdb167fd19cc13b6fd9c24f206845c4b235b80aa491fe1c3a56,898,whole,overcast,1771652607,tiny,1,0,0.404,0.053,10.36
u1068_dark_0,data/synthetic/unusable/images/u1068_dark_0.jpg,synthetic,train,unusable,,,,,,,,,1024,512,f9aa176bcc7e94b7c98ffe79d474b39ea8faa890eb0b4f675a071a91421002fa,1068,whole,overcast,760155480,dark,1,0,0.038,0.016,2.51
u1035_tiny_9,data/synthetic/unusable/images/u1035_tiny_9.jpg,synthetic,train,unusable,,,,,,,,,1024,512,407f1e4147b7ba7c6d69934f334c97d3de56628b8dccd3bc3f425e06f8ad504f,1035,whole,overcast,1649959839,tiny,1,0,0.353,0.044,1.96
u0742_tiny_0,data/synthetic/unusable/images/u0742_tiny_0.jpg,synthetic,train,unusable,,,,,,,,,896,672,3eed9ed345fe2435fdf0dcd05a63761d4bdae3e95f97c79b7ee24798627e8779,742,whole,overcast,461691707,tiny,1,0,0.501,0.039,4.39
u1203_glare_29,data/synthetic/unusable/images/u1203_glare_29.jpg,synthetic,train,unusable,,,,,,,,,1024,512,09be9420a805b2c6c63c45126337bfef3ebc194bf0ce567e84c0da00f04bf3b4,1203,whole,sun_wet,852224828,glare,1,0,0.767,0.047,0.18
u0762_dark_19,data/synthetic/unusable/images/u0762_dark_19.jpg,synthetic,train,unusable,,,,,,,,,1024,512,94df3aa52449748a6e1377cc6ac212cc37becf7ea694463c743e04a6e95cb479,762,whole,overcast,1904328719,dark,1,0,0.066,0.024,8.84
u1530_glare_23,data/synthetic/unusable/images/u1530_glare_23.jpg,synthetic,train,unusable,,,,,,,,,1024,512,aacf2fdf7d9e248120bf7598cb69db71f441699c1dce70566def785fd83c8c3a,1530,whole,sun_wet,1377698338,glare,1,0,0.763,0.067,0.13
u1528_glare_12,data/synthetic/unusable/images/u1528_glare_12.jpg,synthetic,train,unusable,,,,,,,,,1024,512,2e3335807f5d5a6bed1850233ca34c8749d3d89ea42d5253ef8584b3b54b06b8,1528,whole,sun_wet,238313847,glare,1,0,0.812,0.039,0.29
u1277_glare_13,data/synthetic/unusable/images/u1277_glare_13.jpg,synthetic,train,unusable,,,,,,,,,1024,512,2de678fd99bbc1d012e737623e4ab52da9b072f924ac30042db188de9e9de5ef,1277,whole,sun_wet,2033406433,glare,1,0,0.789,0.043,0.18
u0207_defocus_26,data/synthetic/unusable/images/u0207_defocus_26.jpg,synthetic,train,unusable,,,,,,,,,1024,512,cdd86c5b4afc779b358f2073610405724703f2e1942950048c9f072e5039a84f,207,whole,overcast,182290815,defocus,1,0,0.401,0.042,0.35
u1406_tiny_15,data/synthetic/unusable/images/u1406_tiny_15.jpg,synthetic,train,unusable,,,,,,,,,896,672,0b1bd3d97caa35a56b7eb6379808d496f69988acb0a7c0b95bcbaea4dd8c83c3,1406,whole,overcast,750417680,tiny,1,0,0.522,0.048,1.8
u0931_defocus_12,data/synthetic/unusable/images/u0931_defocus_12.jpg,synthetic,train,unusable,,,,,,,,,1024,512,d3572b38f04a0dd7fc112dfd0be4d19d1c80ed2913e9f3682b2a0d13aad6e73f,931,whole,overcast,647831205,defocus,1,0,0.523,0.062,0.05
u1015_glare_24,data/synthetic/unusable/images/u1015_glare_24.jpg,synthetic,train,unusable,,,,,,,,,896,672,516a7551856b83481cc4140a24862a341daf0f9d3c2547eca81490691696d0ae,1015,whole,sun_wet,1283102593,glare,1,0,0.802,0.044,0.08
u1337_tiny_20,data/synthetic/unusable/images/u1337_tiny_20.jpg,synthetic,train,unusable,,,,,,,,,768,768,1c0ce84a0d875f4ac43c869a10e3498d253682f639d009134b54dc1e3088f46a,1337,whole,overcast,2013122652,tiny,1,0,0.414,0.043,1.48
u1741_no_leaf_11,data/synthetic/unusable/images/u1741_no_leaf_11.jpg,synthetic,train,unusable,,,,,,,,,1024,512,c05d3a95c53b64620188e771412be212968c402ab9360c8103d42ed6ec0db9a4,1741,none,overcast,839676529,no_leaf,1,0,0.58,0.061,0.19
u0541_dark_2,data/synthetic/unusable/images/u0541_dark_2.jpg,synthetic,train,unusable,,,,,,,,,1024,512,80892fa558d79db531971a3495d7c44acab002bc3109d6da5753e2df47750161,541,whole,overcast,1128361076,dark,1,0,0.057,0.02,6.38
u0283_tiny_21,data/synthetic/unusable/images/u0283_tiny_21.jpg,synthetic,train,unusable,,,,,,,,,1024,512,bc41a84e7df7092ff461089d5bd13ffc3c99e415ca1ee650b988479df103a510,283,whole,overcast,16441546,tiny,1,0,0.423,0.04,2.58
u0468_no_leaf_24,data/synthetic/unusable/images/u0468_no_leaf_24.jpg,synthetic,train,unusable,,,,,,,,,896,672,8ed79aaf83322df92519df865194e781727aae38158dfc346454c3ff9b8d0cc2,468,none,overcast,1766577469,no_leaf,1,0,0.532,0.059,0.54
u1045_no_leaf_10,data/synthetic/unusable/images/u1045_no_leaf_10.jpg,synthetic,train,unusable,,,,,,,,,1024,512,4a386e95ca8921bb78bf1244c4a60abca9e273e80a6f7a7e28f0a1c688e07934,1045,none,overcast,1158365927,no_leaf,1,0,0.36,0.061,0.34
u1187_tiny_26,data/synthetic/unusable/images/u1187_tiny_26.jpg,synthetic,train,unusable,,,,,,,,,896,672,506a4e0b86530b02883eec5d7512efde4324048ccdf0ce30ee0381b1121694a0,1187,whole,overcast,513701225,tiny,1,0,0.538,0.045,1.99
u1100_no_leaf_7,data/synthetic/unusable/images/u1100_no_leaf_7.jpg,synthetic,train,unusable,,,,,,,,,1024,512,4bd0e438e8b421ae7b1f845d1b95bec16c2c789acb5effa5a21460f29fc47b70,1100,none,overcast,840386318,no_leaf,1,0,0.569,0.066,0.2
u0342_no_leaf_6,data/synthetic/unusable/images/u0342_no_leaf_6.jpg,synthetic,train,unusable,,,,,,,,,1024,512,23f6cdbf8b2308a4ba4ab5fb70add8c69ab33de6a2e1a1afb97a316d5e416fca,342,none,overcast,1158707096,no_leaf,1,0,0.491,0.042,0.21
u1507_glare_27,data/synthetic/unusable/images/u1507_glare_27.jpg,synthetic,train,unusable,,,,,,,,,896,672,b19ef49f9fbef82318ede6e6491d76172312d2363164c2a66e59d27d1842f9a1,1507,whole,sun_wet,1433650747,glare,1,0,0.815,0.038,0.09
u1035_dark_4,data/synthetic/unusable/images/u1035_dark_4.jpg,synthetic,train,unusable,,,,,,,,,896,672,cc07a3a4bd7889e4d20a0208f4778fea3f3eb6d82aaeb6c1602ddd1a59201fb7,1035,whole,overcast,706922817,dark,1,0,0.076,0.013,0.83
u1050_dark_25,data/synthetic/unusable/images/u1050_dark_25.jpg,synthetic,train,unusable,,,,,,,,,1024,512,1ca4aff7f75d32b630dae82a5c18a260d8c4c3df8e222058ac141514281f2b4f,1050,whole,overcast,1394270183,dark,1,0,0.055,0.022,8.79
u1407_glare_22,data/synthetic/unusable/images/u1407_glare_22.jpg,synthetic,train,unusable,,,,,,,,,768,768,59a21b64bb11bd69fdd4328738b68b36e7040062a356011b9eac9f5d70304eaf,1407,whole,sun_wet,622408372,glare,1,0,0.798,0.059,0.9
u0535_dark_1,data/synthetic/unusable/images/u0535_dark_1.jpg,synthetic,train,unusable,,,,,,,,,768,768,1ea7b4ca8a08c46199b8f58fd3c65675b764d6235515e801f6c4ff1d0948d85c,535,whole,overcast,1514683854,dark,1,0,0.078,0.026,0.07
u0343_dark_24,data/synthetic/unusable/images/u0343_dark_24.jpg,synthetic,train,unusable,,,,,,,,,896,672,ffebb116037a09746da7575011e63595c6f1d1d2f79c540da98c8e5f233a9844,343,whole,shade,605941617,dark,1,0,0.047,0.029,14.29
u0226_dark_17,data/synthetic/unusable/images/u0226_dark_17.jpg,synthetic,train,unusable,,,,,,,,,1024,512,b39808fd2b3e05072c232de4575f2fa0d2259e8cebb595f3b41a4a65b7fa87c9,226,whole,shade,372894984,dark,1,0,0.109,0.05,4.7
u1103_glare_1,data/synthetic/unusable/images/u1103_glare_1.jpg,synthetic,train,unusable,,,,,,,,,1024,512,552b25eeea66cdbb9dd53154c445c2d4c8853d63ee236b9fd0ffc2bdd04b5fd9,1103,whole,sun_wet,1619211548,glare,1,0,0.77,0.054,0.46
u0072_dark_8,data/synthetic/unusable/images/u0072_dark_8.jpg,synthetic,train,unusable,,,,,,,,,1024,512,c99dbbff2f8652f7bb143558d19a1f43a7de1dc8243043512a6715849c546f9f,72,whole,overcast,596936042,dark,1,0,0.134,0.02,1.25
u0832_no_leaf_1,data/synthetic/unusable/images/u0832_no_leaf_1.jpg,synthetic,train,unusable,,,,,,,,,896,672,5bfdf457fbb04ad59e334307283a84b9444345e200bea6532fe30cf2478913a8,832,none,overcast,1534386747,no_leaf,1,0,0.458,0.067,0.52
u0763_tiny_8,data/synthetic/unusable/images/u0763_tiny_8.jpg,synthetic,train,unusable,,,,,,,,,1024,512,9957ef7049cb5704bea69a0c1e37ff6ae0c0d091eaace1efa75bee2b822a3ed1,763,whole,overcast,358568713,tiny,1,0,0.534,0.058,1.06
u1409_no_leaf_21,data/synthetic/unusable/images/u1409_no_leaf_21.jpg,synthetic,train,unusable,,,,,,,,,896,672,83be773ef4cde2f21c93b0fcef925399666c50a186167a3d5650a290531b990a,1409,none,overcast,421601714,no_leaf,1,0,0.543,0.065,0.51
u0838_glare_2,data/synthetic/unusable/images/u0838_glare_2.jpg,synthetic,train,unusable,,,,,,,,,896,672,7f9b309ae4ed0f0bc61f322f78225e91f5e44a2477a22ea3b7af639c16e11f6e,838,whole,sun_wet,2039112870,glare,1,0,0.744,0.052,0.05
u0001_no_leaf_16,data/synthetic/unusable/images/u0001_no_leaf_16.jpg,synthetic,train,unusable,,,,,,,,,1024,512,9b69d7dc78577abb0588c553e0a23e933f46a9b1a0beeddd9422f3f7eb3e42cd,1,none,overcast,745072594,no_leaf,1,0,0.447,0.059,0.13
u1200_dark_18,data/synthetic/unusable/images/u1200_dark_18.jpg,synthetic,train,unusable,,,,,,,,,1024,512,1d4413463658e12f081cab9e4c1ceb91323b200114bde6bf326f51bfde6c112c,1200,whole,shade,109506713,dark,1,0,0.075,0.051,7.07
u0246_tiny_25,data/synthetic/unusable/images/u0246_tiny_25.jpg,synthetic,train,unusable,,,,,,,,,1024,512,e8d8e2c571a75b1a2a1b1c5c4d049c1c0e9ee634467ceab49e0f4f93ffe3ff16,246,whole,overcast,127345875,tiny,1,0,0.619,0.045,2.02
u1143_defocus_15,data/synthetic/unusable/images/u1143_defocus_15.jpg,synthetic,train,unusable,,,,,,,,,1024,512,9a02bd1bffbeacc9796f8b48c82004a40d35b73ce9e09e3d10337550b72e4b4f,1143,whole,overcast,955878150,defocus,1,0,0.581,0.091,0.1
u0251_tiny_2,data/synthetic/unusable/images/u0251_tiny_2.jpg,synthetic,train,unusable,,,,,,,,,768,768,54b87e02d3f978c94c371f3b39948f1afec4a95e59b674f4d1956ca1d7367150,251,whole,overcast,1972025879,tiny,1,0,0.5,0.041,2.48
u0503_glare_10,data/synthetic/unusable/images/u0503_glare_10.jpg,synthetic,train,unusable,,,,,,,,,768,768,a2c0791b10bad1906aee1d43d70e1960ead15120d326b9364510ed1cfb859ecd,503,whole,sun_wet,1614413915,glare,1,0,0.766,0.039,1.34
u0815_defocus_25,data/synthetic/unusable/images/u0815_defocus_25.jpg,synthetic,train,unusable,,,,,,,,,896,672,7ddb3e082fcddd41c1e8d24f428ccdd0fce55451f8ff8438ae14ad82c3e712b6,815,whole,overcast,332716229,defocus,1,0,0.659,0.106,0.16
u1515_defocus_11,data/synthetic/unusable/images/u1515_defocus_11.jpg,synthetic,train,unusable,,,,,,,,,1024,512,9de37a1c1c3c589031f3389ea074fdd72acadda5c4eee417e1e57094fde5e889,1515,whole,overcast,1066684191,defocus,1,0,0.462,0.112,0.11
u0404_no_leaf_27,data/synthetic/unusable/images/u0404_no_leaf_27.jpg,synthetic,train,unusable,,,,,,,,,768,768,c4fd4c783fde5f6d9940942ac45dbf90d8278e489262cff3e4bff36afdc5c0e4,404,none,overcast,1883407495,no_leaf,1,0,0.546,0.055,0.17
u0507_defocus_3,data/synthetic/unusable/images/u0507_defocus_3.jpg,synthetic,train,unusable,,,,,,,,,768,768,93a012cb0ede5e39a3b09d691d2ff7e04ddd640a34c9bde1acb2579cdc1b2c2d,507,whole,overcast,1076745117,defocus,1,0,0.33,0.051,0.84
u0375_no_leaf_15,data/synthetic/unusable/images/u0375_no_leaf_15.jpg,synthetic,train,unusable,,,,,,,,,1024,512,20499b118b3f3aa9590e5afa98501d4b141a56e57845e288e5497aa571623ed0,375,none,overcast,895596136,no_leaf,1,0,0.582,0.116,0.54
u1250_glare_7,data/synthetic/unusable/images/u1250_glare_7.jpg,synthetic,train,unusable,,,,,,,,,896,672,b97ba2c2b795d40b2b6814477a122588f85fb8a1fd696cd9e8427c1f2f5be391,1250,whole,sun_wet,165711913,glare,1,0,0.762,0.049,0.33
u0547_no_leaf_5,data/synthetic/unusable/images/u0547_no_leaf_5.jpg,synthetic,train,unusable,,,,,,,,,1024,512,9e402db7e00af8603409abed0345bd708d7802fc00b25cff6b1db227571b3ea6,547,none,overcast,1545152034,no_leaf,1,0,0.487,0.054,0.14
u1520_dark_11,data/synthetic/unusable/images/u1520_dark_11.jpg,synthetic,train,unusable,,,,,,,,,1024,512,6fcf63a7c597f3f4b1520076e2c0a22add54d1edc8cfde1a120c4ffccdd365ec,1520,whole,shade,2136623165,dark,1,0,0.054,0.022,7.03
u1416_dark_15,data/synthetic/unusable/images/u1416_dark_15.jpg,synthetic,train,unusable,,,,,,,,,896,672,aefbf5b1af33c3cb059f2d2d4d237f6c5f9aa1f5f4f6a510491c4df1a392f840,1416,whole,shade,2016906276,dark,1,0,0.073,0.036,20.56
u1192_dark_27,data/synthetic/unusable/images/u1192_dark_27.jpg,synthetic,train,unusable,,,,,,,,,1024,512,3513c91bcb8cd1cfe6c854375403320c8f2f2b77c9825496105bdce3b81f09a3,1192,whole,shade,1024769739,dark,1,0,0.085,0.023,3.0
u0814_defocus_7,data/synthetic/unusable/images/u0814_defocus_7.jpg,synthetic,train,unusable,,,,,,,,,1024,512,5ad6fa103fc18e4994780e50318e501f39125d741d42348d0432ea658eb00d0c,814,whole,overcast,1195382660,defocus,1,0,0.412,0.073,0.04
u1451_no_leaf_29,data/synthetic/unusable/images/u1451_no_leaf_29.jpg,synthetic,train,unusable,,,,,,,,,1024,512,67843ffd9f8b82b28572327952eb2eeda28e2b927586fb4f53627471601fea96,1451,none,overcast,402303360,no_leaf,1,0,0.609,0.057,0.38
u0594_dark_7,data/synthetic/unusable/images/u0594_dark_7.jpg,synthetic,train,unusable,,,,,,,,,1024,512,9c8f6bb7f4cae9efe176e2c679465dd919d8bcce3035d520aaa111c0882b90ff,594,whole,overcast,858495227,dark,1,0,0.077,0.018,0.18
u0896_dark_26,data/synthetic/unusable/images/u0896_dark_26.jpg,synthetic,train,unusable,,,,,,,,,1024,512,b4bbe66175c3fed53a298d39b836fe1056184a097b256e9c11f8dfd377e43c9d,896,whole,overcast,1242795613,dark,1,0,0.101,0.034,3.9
u0406_dark_14,data/synthetic/unusable/images/u0406_dark_14.jpg,synthetic,train,unusable,,,,,,,,,768,768,1eeb3156a739b8fdb533575307229079aa65cc22df73259c517b78b340ccae2c,406,whole,shade,254852274,dark,1,0,0.064,0.012,0.11
u0244_defocus_13,data/synthetic/unusable/images/u0244_defocus_13.jpg,synthetic,train,unusable,,,,,,,,,768,768,7c1ca7e930e318355973f1d751b95a347b2b1143968f6d246725ef5c51797cf1,244,whole,overcast,1369058867,defocus,1,0,0.443,0.051,0.16
u0256_defocus_27,data/synthetic/unusable/images/u0256_defocus_27.jpg,synthetic,train,unusable,,,,,,,,,896,672,758cac2dc39cba81cb35a7ede95453e1846ae38d2a27433c1d722ef046fe4885,256,whole,overcast,2111486441,defocus,1,0,0.536,0.065,0.14
u0091_no_leaf_13,data/synthetic/unusable/images/u0091_no_leaf_13.jpg,synthetic,train,unusable,,,,,,,,,768,768,274dec56219473c381e47380823974a73cec5c3396bb1d5be3551c1e4a50315b,91,none,overcast,1543639901,no_leaf,1,0,0.627,0.091,0.67
u0462_glare_26,data/synthetic/unusable/images/u0462_glare_26.jpg,synthetic,train,unusable,,,,,,,,,768,768,2378a6c553a57ffd05fe1344e224a6d16b43ccb80686e1714b60eb7b230efb11,462,whole,sun_wet,578090669,glare,1,0,0.784,0.064,0.26
u0367_defocus_23,data/synthetic/unusable/images/u0367_defocus_23.jpg,synthetic,train,unusable,,,,,,,,,1024,512,9e8b0b5764510a551d64fc95181b267bfafa4b51315f128cd40819e8d85fd48c,367,whole,overcast,2058845680,defocus,1,0,0.503,0.09,0.1
u0674_no_leaf_12,data/synthetic/unusable/images/u0674_no_leaf_12.jpg,synthetic,train,unusable,,,,,,,,,896,672,72ed884bccbfbfc2ce3cc4798dab4b214ff929a7f4c755fbeadc26dc122fdf2a,674,none,overcast,721757131,no_leaf,1,0,0.611,0.11,1.38
u0647_tiny_6,data/synthetic/unusable/images/u0647_tiny_6.jpg,synthetic,train,unusable,,,,,,,,,1024,512,ea1e5c38405e02d65f2f6aa205bd84b587b0da249be8ff5dbd163e070eebe037,647,whole,overcast,1927773710,tiny,1,0,0.479,0.047,6.86
u1725_no_leaf_22,data/synthetic/unusable/images/u1725_no_leaf_22.jpg,synthetic,train,unusable,,,,,,,,,896,672,fe333ca66e3f70f6b3e960df3e8bcf99b98a2ed251e4b229e04201110283ec3e,1725,none,overcast,2650120,no_leaf,1,0,0.604,0.061,0.45
u0076_defocus_14,data/synthetic/unusable/images/u0076_defocus_14.jpg,synthetic,train,unusable,,,,,,,,,768,768,c0b8a97001a38bbae2b95348d2ccbfb672cf3b0b77852e9819a5c5f638322e50,76,whole,overcast,1342094224,defocus,1,0,0.409,0.058,1.25
u0475_glare_8,data/synthetic/unusable/images/u0475_glare_8.jpg,synthetic,train,unusable,,,,,,,,,1024,512,07db4df08db9cee6760408ffb416218aa766c68a4ff09eb416ab747bd63d98c7,475,whole,sun_wet,425692600,glare,1,0,0.815,0.053,0.11
u1296_no_leaf_20,data/synthetic/unusable/images/u1296_no_leaf_20.jpg,synthetic,train,unusable,,,,,,,,,768,768,064e002065c56b3f03fc1f0490b8a5edaabcce97527ee8402efc394978b79dd5,1296,none,overcast,1847988516,no_leaf,1,0,0.619,0.048,0.28
u1157_dark_23,data/synthetic/unusable/images/u1157_dark_23.jpg,synthetic,train,unusable,,,,,,,,,1024,512,4d5de8561061d7e51ee05a4dca92004355e25b52e4d290d9940909dbf265a3f7,1157,whole,overcast,981039826,dark,1,0,0.062,0.025,11.15
u1200_defocus_24,data/synthetic/unusable/images/u1200_defocus_24.jpg,synthetic,train,unusable,,,,,,,,,1024,512,5c72ff9fe5600bf77752388b1cff0aea6dcce810c16cb35dc86ff86b9391b064,1200,whole,overcast,1691609171,defocus,1,0,0.55,0.075,0.04
u0124_glare_25,data/synthetic/unusable/images/u0124_glare_25.jpg,synthetic,train,unusable,,,,,,,,,1024,512,cc2b736dd8cb92b0b89ef5dba124a180f995848e7fd3dc5fe1f24645b6f32101,124,whole,sun_wet,998090519,glare,1,0,0.831,0.06,2.02
u1515_no_leaf_0,data/synthetic/unusable/images/u1515_no_leaf_0.jpg,synthetic,train,unusable,,,,,,,,,1024,512,f5807885672c334bb1449de9c030952dd2044764fe1c3cf6ba8ad209dd8802ce,1515,none,overcast,745788077,no_leaf,1,0,0.543,0.095,0.56
u1332_tiny_23,data/synthetic/unusable/images/u1332_tiny_23.jpg,synthetic,train,unusable,,,,,,,,,1024,512,94cde47cc876cfb54c9c44541db35139c772ab48be52e5dff9ce5c645fa0e7fa,1332,whole,overcast,1861517798,tiny,1,0,0.534,0.053,2.62
u1299_dark_21,data/synthetic/unusable/images/u1299_dark_21.jpg,synthetic,train,unusable,,,,,,,,,768,768,f40bec9d4cdd431edc186cd421e26f0710aed5484d1ae4784098b438d3639aaf,1299,whole,shade,1417092094,dark,1,0,0.09,0.026,6.8
u1261_defocus_28,data/synthetic/unusable/images/u1261_defocus_28.jpg,synthetic,train,unusable,,,,,,,,,1024,512,a24cf72e844dd3b071540d5444429c15fb2e2a6fa3b5dd19da5145838510c3a1,1261,whole,overcast,1835377784,defocus,1,0,0.498,0.063,0.07
u1633_defocus_5,data/synthetic/unusable/images/u1633_defocus_5.jpg,synthetic,train,unusable,,,,,,,,,896,672,8387eb645704e04e9ae3d797baf646e549a5a400e7d8c4636877f52cb1b2fe5c,1633,whole,overcast,693008040,defocus,1,0,0.486,0.097,0.05
u0823_dark_3,data/synthetic/unusable/images/u0823_dark_3.jpg,synthetic,train,unusable,,,,,,,,,1024,512,c39884f767311fae0ec4e06a94b159277f97239baf66f526f6a73f6029c2cc23,823,whole,shade,877026530,dark,1,0,0.045,0.023,7.79
u1664_dark_5,data/synthetic/unusable/images/u1664_dark_5.jpg,synthetic,train,unusable,,,,,,,,,768,768,d51518f9e49775f777dc3660c23fd29ecefc006bb584eb9cc1b4f52c50c4f631,1664,whole,shade,1562769879,dark,1,0,0.089,0.044,36.43
u0814_tiny_28,data/synthetic/unusable/images/u0814_tiny_28.jpg,synthetic,train,unusable,,,,,,,,,896,672,a7db57e06a4644e55ea5e8a4c897d333bb65748ae61bcbdbbc84af7960d6ef11,814,whole,overcast,2032556142,tiny,1,0,0.596,0.043,3.81
u0945_no_leaf_3,data/synthetic/unusable/images/u0945_no_leaf_3.jpg,synthetic,train,unusable,,,,,,,,,1024,512,035bf912d0230c08dec05901719aaed9cf5183a917f668f822d347320784511f,945,none,overcast,897221399,no_leaf,1,0,0.395,0.047,0.22
u0313_dark_22,data/synthetic/unusable/images/u0313_dark_22.jpg,synthetic,train,unusable,,,,,,,,,1024,512,c16846ce2d1b26001f7be16b1d5edf55e767cc34b6f241fb10ae7bdf55a5b00b,313,whole,shade,1300122180,dark,1,0,0.052,0.023,7.24
u0825_tiny_13,data/synthetic/unusable/images/u0825_tiny_13.jpg,synthetic,train,unusable,,,,,,,,,896,672,26298477d1d0b5122eb2c6ecdeba751f5363a144741ea7aef12ecd0873486ada,825,whole,overcast,1171903013,tiny,1,0,0.397,0.029,1.21
u0512_glare_17,data/synthetic/unusable/images/u0512_glare_17.jpg,synthetic,train,unusable,,,,,,,,,1024,512,ffc6c01dbe2ca826996cf298ea681a6857b104efa9cc79a6b98a5e751a4a7228,512,whole,sun_wet,2120127992,glare,1,0,0.801,0.053,3.8
u0423_tiny_18,data/synthetic/unusable/images/u0423_tiny_18.jpg,synthetic,train,unusable,,,,,,,,,896,672,f1d3f7c8e4950a3ac1874cc0f85bb05033df0a4450093bece783c7e9dfde40ab,423,whole,overcast,1376455597,tiny,1,0,0.61,0.041,1.26
u1108_no_leaf_19,data/synthetic/unusable/images/u1108_no_leaf_19.jpg,synthetic,train,unusable,,,,,,,,,1024,512,6f267ba4b85870537d73932ec3a5392503a7dc93c41f50bf18dd94f083390459,1108,none,overcast,1020787267,no_leaf,1,0,0.568,0.058,0.23
u0603_tiny_22,data/synthetic/unusable/images/u0603_tiny_22.jpg,synthetic,train,unusable,,,,,,,,,1024,512,505b5210e18cc386612e78b6339499890eb459e1ccba3547711ce274679ff025,603,whole,overcast,435401072,tiny,1,0,0.599,0.046,3.44
u0682_tiny_7,data/synthetic/unusable/images/u0682_tiny_7.jpg,synthetic,train,unusable,,,,,,,,,896,672,5e92c5d1b5fc5bbf8869e32dc11b296df191f75066b3b039feb349709a89681f,682,whole,overcast,98586264,tiny,1,0,0.396,0.032,1.27
u1337_tiny_12,data/synthetic/unusable/images/u1337_tiny_12.jpg,synthetic,train,unusable,,,,,,,,,1024,512,aedc1eb7a1e5a4154d1cfcb61db13d2ab4b25c56b2307780bebe89a0312dc0bb,1337,whole,overcast,853467827,tiny,1,0,0.5,0.06,7.01
u0799_dark_9,data/synthetic/unusable/images/u0799_dark_9.jpg,synthetic,train,unusable,,,,,,,,,896,672,2ebca618b2e29b84c503d3462e0759eb8b45d8a653d6361d832aa5217a6a5faf,799,whole,overcast,1418966524,dark,1,0,0.067,0.034,21.08
u0406_glare_15,data/synthetic/unusable/images/u0406_glare_15.jpg,synthetic,train,unusable,,,,,,,,,1024,512,203f4f6aca5850d424b73b891e9552551999b704ee8e0be4656adb2cb56837c3,406,whole,sun_wet,273741012,glare,1,0,0.794,0.062,0.14
u1429_no_leaf_23,data/synthetic/unusable/images/u1429_no_leaf_23.jpg,synthetic,train,unusable,,,,,,,,,1024,512,a43020fcc21226f22da311cc35769d60d0422d3f910a89d18ef2cc470fbbc834,1429,none,overcast,1999585438,no_leaf,1,0,0.614,0.048,0.12
u1082_glare_0,data/synthetic/unusable/images/u1082_glare_0.jpg,synthetic,train,unusable,,,,,,,,,1024,512,579a789b9cdf32dad6eb15ba55b9bd27df6d96a394577f93d458209818da7333,1082,whole,sun_wet,394528138,glare,1,0,0.752,0.054,0.09
u1426_tiny_17,data/synthetic/unusable/images/u1426_tiny_17.jpg,synthetic,train,unusable,,,,,,,,,1024,512,9a19a770fe2bdbeb897cff4099f275ae6d3133b2c1f69c8dfc8cd87e515c3aab,1426,whole,overcast,1119098428,tiny,1,0,0.4,0.046,5.26
u1729_tiny_14,data/synthetic/unusable/images/u1729_tiny_14.jpg,synthetic,train,unusable,,,,,,,,,1024,512,d03a52e1d6b5469cba99a5019e9a8b0e85488463e96ae823c585a9a1cdfc5b87,1729,whole,overcast,1539131270,tiny,1,0,0.497,0.044,5.6
u0400_defocus_6,data/synthetic/unusable/images/u0400_defocus_6.jpg,synthetic,train,unusable,,,,,,,,,1024,512,964aca1518120adba52d2722c81ad6207c6aeb4e6c0818230919ea0cb491fcb6,400,whole,overcast,809969426,defocus,1,0,0.499,0.07,0.11
u1289_glare_20,data/synthetic/unusable/images/u1289_glare_20.jpg,synthetic,train,unusable,,,,,,,,,1024,512,c77e87d18e10923f2edf866cc9d3afb7362d1a55c704e60fcf550144544163eb,1289,whole,sun_wet,1259819928,glare,1,0,0.757,0.066,0.34
u0123_tiny_1,data/synthetic/unusable/images/u0123_tiny_1.jpg,synthetic,train,unusable,,,,,,,,,768,768,03d8b5f000cbe7f24426f7c307310a56fa439c1ea23b7c48cdb17589857d5ae4,123,whole,overcast,1820584877,tiny,1,0,0.55,0.029,0.54
u0945_glare_5,data/synthetic/unusable/images/u0945_glare_5.jpg,synthetic,train,unusable,,,,,,,,,1024,512,cb475f6481b5dc5825ba8b0278a58dfbf61cb444ab694a3fe2fd9565d7df0f0a,945,whole,sun_wet,1743712517,glare,1,0,0.85,0.022,2.32
u1560_tiny_11,data/synthetic/unusable/images/u1560_tiny_11.jpg,synthetic,train,unusable,,,,,,,,,768,768,3e558798e6a99463b591a8c090b26d52b08e0892f914b57af93f3bed52016074,1560,whole,overcast,735556361,tiny,1,0,0.582,0.045,5.41
u1121_glare_21,data/synthetic/unusable/images/u1121_glare_21.jpg,synthetic,train,unusable,,,,,,,,,768,768,917ad81f1c5bcfe7a801d0efb6cf0c9625f291410bba848cb6020c89b7df1e23,1121,whole,sun_wet,1007706894,glare,1,0,0.729,0.063,0.17
u1553_defocus_9,data/synthetic/unusable/images/u1553_defocus_9.jpg,synthetic,train,unusable,,,,,,,,,1024,512,66056a75fe85ad6fc37ac8e3be095f309f6bcc66a4a526f4eede11f37db1e407,1553,whole,overcast,553138819,defocus,1,0,0.267,0.072,0.41
u0017_tiny_19,data/synthetic/unusable/images/u0017_tiny_19.jpg,synthetic,train,unusable,,,,,,,,,896,672,911520f54d8fe80d24a322d18cbdade5d64c0473e1f92ea285ed873fb190490c,17,whole,overcast,621558587,tiny,1,0,0.629,0.044,1.48
u1006_glare_4,data/synthetic/unusable/images/u1006_glare_4.jpg,synthetic,train,unusable,,,,,,,,,768,768,bafb61f262c2d58ee48ef1bd1db3af5dbf461508eb0ef9b7595bf8ece5c30192,1006,whole,sun_wet,283754899,glare,1,0,0.852,0.017,0.37
u0301_defocus_16,data/synthetic/unusable/images/u0301_defocus_16.jpg,synthetic,train,unusable,,,,,,,,,1024,512,a6c8da5c9f9db5f0df44e8cc14fb09d85298fb00fd43b81a51050f0adf2d802c,301,whole,overcast,569432764,defocus,1,0,0.561,0.057,0.03
u1696_no_leaf_2,data/synthetic/unusable/images/u1696_no_leaf_2.jpg,synthetic,train,unusable,,,,,,,,,1024,512,171043e9845e2137124fa632589f55cee1259a4313d437af1916456b2033e0c4,1696,none,overcast,1115534209,no_leaf,1,0,0.539,0.104,0.47
u0288_glare_16,data/synthetic/unusable/images/u0288_glare_16.jpg,synthetic,train,unusable,,,,,,,,,1024,512,bfb8e57ce74f3e42949569bfa179ac4bd84cfb0648d898145055370056c86409,288,whole,sun_wet,156869998,glare,1,0,0.838,0.026,0.06
