step,epoch,loss,lr,seconds
5,1,4.09415432167132,2.0833333333333336e-05,10.976360620930791
10,1,2.0470972971957933,4.166666666666667e-05,20.952035691589117
15,1,1.8365053130313753,6.25e-05,30.844225112348795
20,1,0.5822390869259835,8.333333333333334e-05,40.686441199854016
25,1,0.5637153547257185,9.999884400986086e-05,50.796593960374594
30,1,0.37046998292207717,9.995838996722914e-05,60.71062603965402
35,1,0.30613725893199445,9.986018985905901e-05,70.74260634928942
40,1,0.20184438372962177,9.970435719320941e-05,80.81804264895618
45,1,0.2948617980873678,9.949107209404665e-05,90.77973453700542
50,1,0.5019288835581392,9.922058109424167e-05,100.85101875290275
55,1,0.2661486264318228,9.889319684980707e-05,110.75317412428558
60,1,0.4607979574240744,9.850929777870324e-05,120.6960389148444
65,1,0.2700212858617306,9.806932762343135e-05,130.70439224876463
70,1,0.31069794595241546,9.757379493811892e-05,140.64506481029093
75,1,0.21876874174922706,9.702327250069059e-05,150.58288218267262
80,1,0.37182385483756664,9.641839665080363e-05,160.85960765369236
85,1,0.17550198892131447,9.575986655431377e-05,170.99158320389688
90,1,0.43683245540596544,9.504844339512095e-05,181.03188676014543
95,1,0.1602360490243882,9.428494949532971e-05,191.18261845596135
100,1,0.2857260162942111,9.347026736474078e-05,201.1925920918584
105,1,0.25779512990266085,9.260533868077284e-05,209.592069754377
110,1,0.36633370919153097,9.169116319999336e-05,219.38402716815472
115,1,0.40989681696519253,9.072879760251679e-05,228.8166410252452
120,1,0.2139296004548669,8.971935427060562e-05,238.50846251659095
125,1,0.248160806694068,8.866400000288652e-05,248.52653578855097
130,1,0.3923965257941745,8.756395466566719e-05,257.5857477001846
135,1,0.24383642799220978,8.642048978291346e-05,267.65774022601545
140,1,0.19559947336092592,8.523492706651607e-05,277.83773020096123
145,1,0.3450487149413675,8.400863688854597e-05,287.8142909742892
150,1,0.32171285124495624,8.274303669726426e-05,297.8212960213423
155,1,0.31081474795937536,8.143958937871748e-05,307.9974811151624
160,1,0.21344480141997338,8.009980156581217e-05,317.88208232447505
165,2,0.3673384115099907,7.872522189682317e-05,326.62116985209286
170,2,0.1720864872680977,7.731743922534853e-05,336.38545493222773
175,2,0.07780033017043024,7.587808078378036e-05,346.17715898528695
180,2,0.25936544188298283,7.440881030241407e-05,356.2300951182842
185,2,0.09396932474337519,7.291132608637052e-05,365.8719969801605
190,2,0.3035276944283396,7.138735905255354e-05,375.88583037629724
195,2,0.15039708410622551,6.983867072891213e-05,385.93575276993215
200,2,0.18341481112875044,6.826705121831976e-05,395.77714177779853
205,2,0.2579142300412059,6.667431712942453e-05,405.9293249845505
210,2,0.2596561247482896,6.506230947686172e-05,415.92893031425774
215,2,0.2640724274329841,6.34328915532557e-05,425.6941523235291
220,2,0.2305997853167355,6.178794677547137e-05,435.85697779245675
225,2,0.2762926623225212,6.012937650760405e-05,445.9729078877717
230,2,0.18107308649341575,5.8459097863224696e-05,455.82965091988444
235,2,0.24089070709887891,5.677904148942039e-05,465.9928604401648
240,2,0.24952376341097987,5.509114933519178e-05,476.197593793273
245,2,0.23755143096204848,5.339737240678671e-05,486.13296864181757
250,2,0.13271188815124332,5.169966851256489e-05,496.3139187172055
255,2,0.07879990653600544,5e-05,506.3930640090257
260,2,0.106893708196003,4.830033148743511e-05,516.2624065559357
265,2,0.35590090416080783,4.6602627593213305e-05,526.3072740118951
270,2,0.13742961053794717,4.4908850664808245e-05,536.3694493882358
275,2,0.2800699256244116,4.322095851057962e-05,546.2610503211617
280,2,0.16835492632817478,4.154090213677531e-05,556.3804631642997
285,2,0.27679817052558064,3.987062349239596e-05,566.307484343648
290,2,0.2280499279149808,3.821205322452863e-05,576.2342917211354
295,2,0.12915057183708994,3.656710844674431e-05,586.2489686887711
300,2,0.2832176274387166,3.49376905231383e-05,596.4870865605772
305,2,0.14063284946605564,3.332568287057548e-05,606.6676466315985
310,2,0.10424412651918828,3.173294878168025e-05,616.816035086289
315,2,0.1510015296167694,3.0161329271087868e-05,626.8260596450418
320,2,0.1508593093138188,2.8612640947446468e-05,636.9218026641756
325,3,0.16973022705882185,2.708867391362948e-05,645.572887500748
330,3,0.31871488196193243,2.559118969758595e-05,655.442470671609
335,3,0.11617470495402812,2.4121919216219646e-05,665.5311214756221
340,3,0.08830482138728257,2.2682560774651457e-05,675.5922663602978
345,3,0.09791633778077084,2.127477810317685e-05,685.4308083411306
350,3,0.2242605108884163,1.990019843418784e-05,695.5071521420032
355,3,0.0874034521082649,1.8560410621282543e-05,705.6389261689037
360,3,0.1497446216584649,1.725696330273575e-05,715.5279396455735
365,3,0.16072217301552882,1.599136311145402e-05,725.6151273716241
370,3,0.2868749381799717,1.4765072933483947e-05,735.5318891890347
375,3,0.1925342880014796,1.357951021708655e-05,744.580553509295
380,3,0.14675100077001843,1.2436045334332824e-05,754.0968236904591
385,3,0.17120401975698768,1.1335999997113489e-05,762.9581170640886
390,3,0.13371572410687804,1.0280645729394366e-05,772.9202706795186
395,3,0.14044640850042925,9.271202397483215e-06,783.3740379121155
400,3,0.08772069769329391,8.308836800006648e-06,792.7787932176143
405,3,0.16766549021704122,7.394661319227176e-06,802.2643745038658
410,3,0.21126281071919947,6.529732635259234e-06,812.2388436403126
415,3,0.1624293754954124,5.715050504670288e-06,822.0243750009686
420,3,0.05815739370882511,4.951556604879048e-06,832.149506540969
425,3,0.12534338149707763,4.240133445686234e-06,842.452738320455
430,3,0.10911515789339318,3.581603349196372e-06,852.4391977861524
435,3,0.12486445734102744,2.9767274993094285e-06,862.6090628560632
440,3,0.19699081726721487,2.4262050618810818e-06,872.884081736207
445,3,0.09363294056965969,1.9306723765686595e-06,882.9546974040568
450,3,0.1262150019116234,1.4907022212967803e-06,893.1288441084325
455,3,0.07733137172181159,1.1068031501929367e-06,903.3801247049123
460,3,0.12490269810659811,7.794189057583334e-07,913.3724060282111
465,3,0.11219501536688767,5.089279059533658e-07,923.4850833527744
470,3,0.14358011112490204,2.9564280679060253e-07,933.6298775188625
475,3,0.19435972130449955,1.3981014094099353e-07,943.4506951142102
480,3,0.14763521982822567,4.161003277085573e-08,953.4434689115733
485,3,0.17550856656162067,1.1559901391511308e-09,963.4593737181276
486,3,0.7069345712661743,0.0,963.807004371658
