run,arm,detail,real_percent,seed,train_photos,synthetic_photos,train_minutes,auc,auc_lo,auc_hi,accuracy,acc_lo,acc_hi,sensitivity,specificity,sev1,sev2,sev3_4,healthy_correct,other_correct,not_sure_coverage,not_sure_accuracy,uganda_auc,uganda_accuracy,uganda_sensitivity,uganda_specificity,uganda_rust_correct,uganda_healthy_correct,uganda_other_correct,kenya_auc,kenya_accuracy,kenya_sensitivity,kenya_specificity,kenya_rust_correct,kenya_healthy_correct,kenya_other_correct,uganda_all_auc,uganda_all_accuracy,uganda_all_sensitivity,uganda_all_specificity,uganda_all_rust_correct,uganda_all_healthy_correct,uganda_all_other_correct
mix-combo_d140_f100_s0,mix-combo,140,100,0,3125,0,24.705599458391468,0.9801146873843877,0.9632225169414729,0.9931833964646465,0.9501915708812261,0.9195402298850575,0.9770114942528736,0.9117647058823529,0.9748427672955975,0.8709677419354839,0.9615384615384616,1.0,0.975609756097561,0.9745762711864406,1.0,0.9501915708812261,0.9415777777777777,0.8433333333333334,0.7333333333333333,0.9533333333333334,0.7333333333333333,0.956989247311828,0.9473684210526315,0.6258954909397387,0.5583756345177665,0.19047619047619047,0.831858407079646,0.19047619047619047,0.8181818181818182,0.8333333333333334,0.9353833192923336,0.8705357142857143,0.7504132231404959,0.9317607413647851,0.7504132231404959,0.9633649932157394,0.88
mix-combo_d140_f100_s1,mix-combo,140,100,1,3125,0,16.12314973498384,0.9815945246022938,0.9650146762020776,0.9936901671309225,0.9425287356321839,0.9156130268199233,0.9693486590038314,0.9215686274509803,0.9559748427672956,0.8870967741935484,0.9615384615384616,1.0,0.975609756097561,0.9491525423728814,1.0,0.9425287356321839,0.9443333333333334,0.89,0.8666666666666667,0.9133333333333333,0.8666666666666667,0.946236559139785,0.8596491228070176,0.6468605141171513,0.5329949238578681,0.25,0.7433628318584071,0.25,0.7272727272727273,0.7450980392156863,0.9442994701553329,0.8800223214285714,0.8743801652892562,0.8828980623420387,0.8743801652892562,0.9457259158751696,0.78
mix-v3_d140_f100_s0,mix-v3,140,100,0,2578,0,16.09545837985352,0.9812553952398569,0.9655203549217776,0.9933373395920347,0.9310344827586207,0.896551724137931,0.9578544061302682,0.9313725490196079,0.9308176100628931,0.9032258064516129,0.9615384615384616,1.0,0.9512195121951219,0.923728813559322,0.9846743295019157,0.933852140077821,0.9170888888888888,0.8333333333333334,0.8533333333333334,0.8133333333333334,0.8533333333333334,0.8172043010752689,0.8070175438596491,0.5899178255372945,0.5380710659898477,0.4880952380952381,0.5752212389380531,0.4880952380952381,0.36363636363636365,0.5980392156862745,0.9089788131757957,0.7801339285714286,0.8677685950413223,0.7354675652906487,0.8677685950413223,0.7842605156037992,0.6555555555555556
mix-v3_d140_f100_s1,mix-v3,140,100,1,2578,0,15.864668938921143,0.9821186336169688,0.9662228372554545,0.9939668809439496,0.9233716475095786,0.8888888888888888,0.9540229885057471,0.9411764705882353,0.9119496855345912,0.9193548387096774,0.9615384615384616,1.0,0.9512195121951219,0.8983050847457628,1.0,0.9233716475095786,0.9208444444444445,0.8433333333333334,0.8866666666666667,0.8,0.8866666666666667,0.8387096774193549,0.7368421052631579,0.5814369995785925,0.5126903553299492,0.4166666666666667,0.584070796460177,0.4166666666666667,0.45454545454545453,0.5980392156862745,0.9098895054551025,0.7840401785714286,0.8760330578512396,0.7371524852569503,0.8760330578512396,0.7829036635006784,0.6622222222222223
mix-v3_d140_f100_s2,mix-v3,140,100,2,2578,0,15.502951046141485,0.982519422863485,0.9678107744591761,0.9933506846439701,0.9425287356321839,0.9117816091954023,0.9693486590038314,0.8921568627450981,0.9748427672955975,0.8387096774193549,0.9615384615384616,1.0,0.975609756097561,0.9745762711864406,1.0,0.9425287356321839,0.9104444444444444,0.8266666666666667,0.7533333333333333,0.9,0.7533333333333333,0.9032258064516129,0.8947368421052632,0.6532343025705858,0.5380710659898477,0.2976190476190476,0.7168141592920354,0.2976190476190476,0.7272727272727273,0.7156862745098039,0.905839431304699,0.8342633928571429,0.7966942148760331,0.8534119629317607,0.7966942148760331,0.89280868385346,0.7888888888888889
mix-v3_d140_f10_s0,mix-v3,140,10,0,270,0,1.7538842263941963,0.9533234677518806,0.9191274934403477,0.9797922204501153,0.9003831417624522,0.8620689655172413,0.9348659003831418,0.8823529411764706,0.9119496855345912,0.8387096774193549,0.9615384615384616,0.9285714285714286,0.8780487804878049,0.923728813559322,1.0,0.9003831417624522,0.9265555555555556,0.85,0.9133333333333333,0.7866666666666666,0.9133333333333333,0.8387096774193549,0.7017543859649122,0.7197113358617784,0.6446700507614214,0.5952380952380952,0.6814159292035398,0.5952380952380952,0.45454545454545453,0.7058823529411765,0.9255098275393903,0.8141741071428571,0.915702479338843,0.7624262847514743,0.915702479338843,0.8127544097693351,0.68
mix-v3_d140_f10_s1,mix-v3,140,10,1,269,0,1.7591781495139003,0.9543716857812308,0.9218332040722222,0.9805430668339165,0.9157088122605364,0.8812260536398467,0.946360153256705,0.8431372549019608,0.9622641509433962,0.7741935483870968,0.9615384615384616,0.9285714285714286,0.975609756097561,0.9576271186440678,0.9501915708812261,0.9314516129032258,0.9613333333333334,0.92,0.9066666666666666,0.9333333333333333,0.9066666666666666,0.956989247311828,0.8947368421052632,0.5450379266750948,0.5583756345177665,0.20238095238095238,0.8230088495575221,0.20238095238095238,0.9090909090909091,0.8137254901960784,0.9592882953762175,0.9118303571428571,0.9190082644628099,0.9081718618365627,0.9190082644628099,0.9701492537313433,0.8066666666666666
mix-v3_d140_f10_s2,mix-v3,140,10,2,269,0,1.7490318848130604,0.9569922308546059,0.9256152884281875,0.9806395991540071,0.89272030651341,0.8544061302681992,0.9272030651340997,0.8823529411764706,0.89937106918239,0.8387096774193549,0.9615384615384616,0.9285714285714286,0.926829268292683,0.8898305084745762,0.9616858237547893,0.9123505976095617,0.9455333333333333,0.9,0.88,0.92,0.88,0.956989247311828,0.8596491228070176,0.6930046354825116,0.5989847715736041,0.27380952380952384,0.8407079646017699,0.27380952380952384,0.8181818181818182,0.8431372549019608,0.9422350950726535,0.8984375,0.8776859504132232,0.9090143218197135,0.8776859504132232,0.9687924016282226,0.8111111111111111
mix_d140_f100_s0,mix,140,100,0,2578,0,16.07658856868123,0.9853249475890985,0.9726532892037227,0.994607940396425,0.9386973180076629,0.9080459770114943,0.9655172413793104,0.9215686274509803,0.949685534591195,0.8870967741935484,0.9615384615384616,1.0,0.975609756097561,0.940677966101695,1.0,0.9386973180076629,0.9383111111111111,0.8633333333333333,0.9466666666666667,0.78,0.9466666666666667,0.9354838709677419,0.5263157894736842,0.679519595448799,0.6142131979695431,0.6190476190476191,0.6106194690265486,0.6190476190476191,0.9090909090909091,0.5784313725490197,0.9361269120708502,0.828125,0.9305785123966942,0.7759056444818871,0.9305785123966942,0.9470827679782904,0.4955555555555556
mix_d140_f100_s1,mix,140,100,1,2578,0,15.241651704038183,0.9833518312985572,0.9685651702326474,0.9941133632722418,0.9348659003831418,0.9042145593869731,0.9616858237547893,0.9313725490196079,0.9371069182389937,0.9032258064516129,0.9615384615384616,1.0,0.9512195121951219,0.9322033898305084,1.0,0.9348659003831418,0.9356444444444444,0.85,0.9466666666666667,0.7533333333333333,0.9466666666666667,0.9139784946236559,0.49122807017543857,0.6489675516224189,0.6091370558375635,0.7023809523809523,0.5398230088495575,0.7023809523809523,0.6363636363636364,0.5294117647058824,0.9313450813565695,0.8074776785714286,0.9404958677685951,0.7396798652064027,0.9404958677685951,0.921302578018996,0.44222222222222224
mix_d140_f100_s2,mix,140,100,2,2578,0,16.273650623609623,0.9832901714144777,0.969096464462811,0.9937812781005395,0.9425287356321839,0.9157088122605364,0.9693486590038314,0.9313725490196079,0.949685534591195,0.9032258064516129,0.9615384615384616,1.0,0.975609756097561,0.940677966101695,1.0,0.9425287356321839,0.9312666666666667,0.86,0.94,0.78,0.94,0.9354838709677419,0.5263157894736842,0.6827855035819638,0.6345177664974619,0.7142857142857143,0.5752212389380531,0.7142857142857143,0.6363636363636364,0.5686274509803921,0.9268758659583505,0.8141741071428571,0.9338842975206612,0.7531592249368155,0.9338842975206612,0.9280868385345997,0.4666666666666667
mix_d140_f10_s0,mix,140,10,0,270,0,1.4781730107963085,0.9666420027130349,0.9398039920016285,0.986498269383101,0.9118773946360154,0.8772988505747126,0.9425287356321839,0.8627450980392157,0.9433962264150944,0.8064516129032258,0.9230769230769231,1.0,0.9512195121951219,0.940677966101695,1.0,0.9118773946360154,0.9543555555555555,0.8833333333333333,0.9066666666666666,0.86,0.9066666666666666,0.956989247311828,0.7017543859649122,0.6993257479983144,0.5888324873096447,0.2619047619047619,0.831858407079646,0.2619047619047619,0.9090909090909091,0.8235294117647058,0.9474889818766666,0.87890625,0.8991735537190083,0.8685762426284751,0.8991735537190083,0.9823609226594301,0.6822222222222222
mix_d140_f10_s1,mix,140,10,1,269,0,2.317234926360349,0.9652854852632877,0.9404972470558391,0.9840021648406776,0.9157088122605364,0.8812260536398467,0.946360153256705,0.9313725490196079,0.9056603773584906,0.9032258064516129,0.9615384615384616,1.0,0.9512195121951219,0.8898305084745762,0.9310344827586207,0.9382716049382716,0.9677111111111111,0.8533333333333334,0.9533333333333334,0.7533333333333333,0.9533333333333334,0.946236559139785,0.43859649122807015,0.5977138643067846,0.5685279187817259,0.5476190476190477,0.584070796460177,0.5476190476190477,0.6363636363636364,0.5784313725490197,0.959453306133248,0.8309151785714286,0.9570247933884297,0.7666385846672283,0.9570247933884297,0.9402985074626866,0.4822222222222222
mix_d140_f10_s2,mix,140,10,2,269,0,1.747097055365642,0.9656554445677642,0.9409491644752372,0.9850397598692482,0.9118773946360154,0.8773946360153256,0.9425287356321839,0.8627450980392157,0.9433962264150944,0.8225806451612904,0.9230769230769231,0.9285714285714286,0.975609756097561,0.9322033898305084,0.9770114942528736,0.9176470588235294,0.9604666666666667,0.8966666666666666,0.9,0.8933333333333333,0.9,0.956989247311828,0.7894736842105263,0.6711441213653603,0.6040609137055838,0.2261904761904762,0.8849557522123894,0.2261904761904762,1.0,0.8725490196078431,0.9510196550787805,0.8911830357142857,0.9057851239669421,0.8837405223251895,0.9057851239669421,0.9796472184531886,0.7266666666666667
mix_d140_f25_s0,mix,140,25,0,660,0,4.270188645552844,0.9673202614379085,0.9417430859276691,0.9863742634581855,0.9195402298850575,0.8850574712643678,0.9501915708812261,0.9117647058823529,0.9245283018867925,0.8870967741935484,0.9230769230769231,1.0,0.9512195121951219,0.9152542372881356,1.0,0.9195402298850575,0.9370444444444445,0.87,0.9266666666666666,0.8133333333333334,0.9266666666666666,0.9354838709677419,0.6140350877192983,0.6162557943531395,0.5583756345177665,0.39285714285714285,0.6814159292035398,0.39285714285714285,0.8181818181818182,0.6666666666666666,0.9303967916895848,0.83203125,0.915702479338843,0.7893850042123,0.915702479338843,0.9280868385345997,0.5622222222222222
mix_d140_f25_s1,mix,140,25,1,659,0,4.091852518140028,0.9720989024540634,0.9463787596768886,0.9906542489821412,0.9233716475095786,0.8888888888888888,0.9540229885057471,0.8921568627450981,0.9433962264150944,0.8548387096774194,0.9230769230769231,1.0,0.975609756097561,0.9322033898305084,1.0,0.9233716475095786,0.9481333333333334,0.87,0.8666666666666667,0.8733333333333333,0.8666666666666667,0.956989247311828,0.7368421052631579,0.7045933417614834,0.583756345177665,0.2976190476190476,0.7964601769911505,0.2976190476190476,1.0,0.7745098039215687,0.9359180376948624,0.8688616071428571,0.8776859504132232,0.8643639427127211,0.8776859504132232,0.9769335142469471,0.68
mix_d140_f25_s2,mix,140,25,2,655,0,4.143535372180243,0.9765384141077815,0.956987608408924,0.9913051510300399,0.9386973180076629,0.9080459770114943,0.9655172413793104,0.8921568627450981,0.9685534591194969,0.8548387096774194,0.9230769230769231,1.0,0.975609756097561,0.9661016949152542,1.0,0.9386973180076629,0.946,0.8566666666666667,0.7733333333333333,0.94,0.7733333333333333,0.956989247311828,0.9122807017543859,0.6438579856721449,0.5989847715736041,0.14285714285714285,0.9380530973451328,0.14285714285714285,1.0,0.9313725490196079,0.9434660613951416,0.8772321428571429,0.7884297520661157,0.9224936815501263,0.7884297520661157,0.9850746268656716,0.82
mix_d140_f50_s0,mix,140,50,0,1291,0,8.01654691118747,0.9771241830065359,0.9567250876097606,0.9919515940131055,0.9310344827586207,0.896551724137931,0.9578544061302682,0.8921568627450981,0.9559748427672956,0.8548387096774194,0.9230769230769231,1.0,0.9512195121951219,0.9576271186440678,1.0,0.9310344827586207,0.9390222222222222,0.8766666666666667,0.8666666666666667,0.8866666666666667,0.8666666666666667,0.946236559139785,0.7894736842105263,0.661346396965866,0.5888324873096447,0.25,0.8407079646017699,0.25,0.9090909090909091,0.8333333333333334,0.9319772744678926,0.8610491071428571,0.8710743801652893,0.8559393428812131,0.8710743801652893,0.9497964721845319,0.7022222222222222
mix_d140_f50_s1,mix,140,50,1,1291,0,7.939061416933934,0.9762609446294241,0.9526859110826411,0.9925897468760206,0.9386973180076629,0.9080459770114943,0.9655172413793104,0.8921568627450981,0.9685534591194969,0.8387096774193549,0.9615384615384616,1.0,0.975609756097561,0.9661016949152542,1.0,0.9386973180076629,0.9467777777777778,0.8766666666666667,0.8666666666666667,0.8866666666666667,0.8666666666666667,0.956989247311828,0.7719298245614035,0.6684576485461441,0.5482233502538071,0.2261904761904762,0.7876106194690266,0.2261904761904762,1.0,0.7647058823529411,0.9407750631844988,0.8683035714285714,0.8694214876033057,0.8677337826453243,0.8694214876033057,0.9701492537313433,0.7
mix_d140_f50_s2,mix,140,50,2,1291,0,8.14895663705344,0.9779874213836478,0.9580502054177291,0.9922716725761278,0.9386973180076629,0.9080459770114943,0.9655172413793104,0.9215686274509803,0.949685534591195,0.8870967741935484,0.9615384615384616,1.0,0.9512195121951219,0.9491525423728814,1.0,0.9386973180076629,0.9438222222222222,0.86,0.9266666666666666,0.7933333333333333,0.9266666666666666,0.9354838709677419,0.5614035087719298,0.6203645174884113,0.5532994923857868,0.4642857142857143,0.6194690265486725,0.4642857142857143,0.8181818181818182,0.5980392156862745,0.9414817548232575,0.8353794642857143,0.9322314049586777,0.7860151642796968,0.9322314049586777,0.9552238805970149,0.5088888888888888
real_d140_f100_s0,real,140,100,0,1225,0,20.75415035104379,0.9777099519052904,0.9583326922109775,0.9914643096184308,0.9272030651340997,0.89272030651341,0.9540229885057471,0.8823529411764706,0.9559748427672956,0.8225806451612904,0.9615384615384616,1.0,0.9512195121951219,0.9576271186440678,1.0,0.9272030651340997,0.9473111111111111,0.8933333333333333,0.86,0.9266666666666666,0.86,0.956989247311828,0.8771929824561403,0.6123050990307628,0.5888324873096447,0.23809523809523808,0.8495575221238938,0.23809523809523808,0.9090909090909091,0.8431372549019608,0.9453814394229497,0.8844866071428571,0.8528925619834711,0.9005897219882055,0.8528925619834711,0.9810040705563093,0.7688888888888888
real_d140_f100_s1,real,140,100,1,1225,0,9.439733240722369,0.9799297077321495,0.9623768943286609,0.9922693455583913,0.9310344827586207,0.896551724137931,0.9616858237547893,0.8823529411764706,0.9622641509433962,0.8225806451612904,0.9615384615384616,1.0,0.975609756097561,0.9576271186440678,1.0,0.9310344827586207,0.9491555555555555,0.8766666666666667,0.8333333333333334,0.92,0.8333333333333334,0.956989247311828,0.8596491228070176,0.5666877370417194,0.5939086294416244,0.21428571428571427,0.8761061946902655,0.21428571428571427,1.0,0.8627450980392157,0.9475453779581834,0.8828125,0.8347107438016529,0.9073294018534119,0.8347107438016529,0.9837177747625508,0.7822222222222223
real_d140_f100_s2,real,140,100,2,1225,0,5.094329089702417,0.9750277469478358,0.9526634879245712,0.9908457341269842,0.9272030651340997,0.896455938697318,0.9578544061302682,0.9117647058823529,0.9371069182389937,0.8709677419354839,0.9615384615384616,1.0,0.9512195121951219,0.9322033898305084,1.0,0.9272030651340997,0.946,0.87,0.8466666666666667,0.8933333333333333,0.8466666666666667,0.956989247311828,0.7894736842105263,0.4657606405394016,0.5482233502538071,0.17857142857142858,0.8230088495575221,0.17857142857142858,1.0,0.803921568627451,0.9439165337993553,0.8777901785714286,0.8512396694214877,0.8913226621735467,0.8512396694214877,0.9810040705563093,0.7444444444444445
real_d140_f10_s0,real,140,10,0,128,0,0.8218381544885536,0.9627266000739919,0.9385487980562484,0.9822424853240986,0.896551724137931,0.8582375478927203,0.9310344827586207,0.8431372549019608,0.9308176100628931,0.7903225806451613,0.9230769230769231,0.9285714285714286,1.0,0.9067796610169492,0.9118773946360154,0.9369747899159664,0.9668,0.8933333333333333,0.9133333333333333,0.8733333333333333,0.9133333333333333,0.967741935483871,0.7192982456140351,0.5490412979351033,0.5888324873096447,0.27380952380952384,0.8230088495575221,0.27380952380952384,1.0,0.803921568627451,0.95753444686584,0.8872767857142857,0.9206611570247933,0.8702611625947767,0.9206611570247933,0.9864314789687924,0.68
real_d140_f10_s1,real,140,10,1,128,0,4.2050808584317565,0.9636823282772229,0.940501642955745,0.982481897906315,0.89272030651341,0.8543103448275862,0.9272988505747126,0.9215686274509803,0.8742138364779874,0.8870967741935484,0.9615384615384616,1.0,0.975609756097561,0.8389830508474576,0.896551724137931,0.9273504273504274,0.9697111111111111,0.8933333333333333,0.9266666666666666,0.86,0.9266666666666666,0.956989247311828,0.7017543859649122,0.5383480825958702,0.5939086294416244,0.32142857142857145,0.7964601769911505,0.32142857142857145,1.0,0.7745098039215687,0.9599956832628963,0.8811383928571429,0.9256198347107438,0.8584667228306655,0.9256198347107438,0.9837177747625508,0.6533333333333333
real_d140_f10_s2,real,140,10,2,128,0,0.8429671224206686,0.9653163152053275,0.9425763321579854,0.9830131387720519,0.9003831417624522,0.8620689655172413,0.9348659003831418,0.8431372549019608,0.9371069182389937,0.7903225806451613,0.9230769230769231,0.9285714285714286,1.0,0.9152542372881356,0.9616858237547893,0.9163346613545816,0.9613555555555555,0.8966666666666666,0.8733333333333333,0.92,0.8733333333333333,0.967741935483871,0.8421052631578947,0.6137273493468184,0.5989847715736041,0.17857142857142858,0.911504424778761,0.17857142857142858,1.0,0.9019607843137255,0.9554262081642031,0.8900669642857143,0.8611570247933884,0.9048020219039595,0.8611570247933884,0.9877883310719131,0.7688888888888888
real_d140_f25_s0,real,140,25,0,312,0,2.1772583620933195,0.9664261931187569,0.9419287237975179,0.9852908480424325,0.9080459770114943,0.8659003831417624,0.9386973180076629,0.8529411764705882,0.9433962264150944,0.7903225806451613,0.9230769230769231,1.0,0.975609756097561,0.9322033898305084,1.0,0.9080459770114943,0.9537555555555556,0.8766666666666667,0.88,0.8733333333333333,0.88,0.956989247311828,0.7368421052631579,0.6826801517067004,0.6091370558375635,0.30952380952380953,0.831858407079646,0.30952380952380953,1.0,0.8137254901960784,0.9482785270179005,0.8772321428571429,0.8876033057851239,0.8719460825610783,0.8876033057851239,0.9823609226594301,0.6911111111111111
real_d140_f25_s1,real,140,25,1,312,0,2.0291551377934716,0.969817486743125,0.9479722280213763,0.9859849525474526,0.9157088122605364,0.8812260536398467,0.946360153256705,0.9019607843137255,0.9245283018867925,0.8709677419354839,0.9230769230769231,1.0,1.0,0.8983050847457628,0.9655172413793104,0.9325396825396826,0.9644666666666667,0.89,0.92,0.86,0.92,0.967741935483871,0.6842105263157895,0.6578171091445427,0.5939086294416244,0.30952380952380953,0.8053097345132744,0.30952380952380953,1.0,0.7843137254901961,0.9548483223906369,0.8800223214285714,0.9223140495867769,0.8584667228306655,0.9223140495867769,0.9837177747625508,0.6533333333333333
real_d140_f25_s2,real,140,25,2,312,0,2.5596616747168204,0.9692933777284499,0.9463778630982653,0.9860829860036766,0.9080459770114943,0.8697318007662835,0.9386973180076629,0.8431372549019608,0.949685534591195,0.7741935483870968,0.9230769230769231,1.0,0.975609756097561,0.940677966101695,1.0,0.9080459770114943,0.9581333333333333,0.8866666666666667,0.8933333333333333,0.88,0.8933333333333333,0.956989247311828,0.7543859649122807,0.684787189211968,0.5939086294416244,0.2619047619047619,0.8407079646017699,0.2619047619047619,1.0,0.8235294117647058,0.9522833450535066,0.88671875,0.8876033057851239,0.8862679022746419,0.8876033057851239,0.9864314789687924,0.7222222222222222
real_d140_f50_s0,real,140,50,0,614,0,4.005281618113319,0.9719139228018251,0.9495633660359877,0.9884476479274462,0.9310344827586207,0.896551724137931,0.9616858237547893,0.9019607843137255,0.949685534591195,0.8548387096774194,0.9615384615384616,1.0,0.9512195121951219,0.9491525423728814,1.0,0.9310344827586207,0.9475555555555556,0.87,0.8066666666666666,0.9333333333333333,0.8066666666666666,0.956989247311828,0.8947368421052632,0.5977665402444163,0.5685279187817259,0.19047619047619047,0.8495575221238938,0.19047619047619047,0.9090909090909091,0.8431372549019608,0.946902044880141,0.8794642857142857,0.8314049586776859,0.9039595619208087,0.8314049586776859,0.9837177747625508,0.7733333333333333
real_d140_f50_s1,real,140,50,1,614,0,3.870219613829007,0.9705265754100383,0.9462421725138924,0.9876960583852348,0.9233716475095786,0.8887931034482758,0.9540229885057471,0.8823529411764706,0.949685534591195,0.8225806451612904,0.9615384615384616,1.0,1.0,0.9322033898305084,1.0,0.9233716475095786,0.9566222222222223,0.8733333333333333,0.8,0.9466666666666667,0.8,0.956989247311828,0.9298245614035088,0.5898124736620312,0.5989847715736041,0.15476190476190477,0.9292035398230089,0.15476190476190477,1.0,0.9215686274509803,0.9512278332068483,0.8895089285714286,0.7983471074380165,0.9359730412805392,0.7983471074380165,0.9864314789687924,0.8533333333333334
real_d140_f50_s2,real,140,50,2,614,0,4.8827856675411265,0.9710198544826736,0.9445215562493599,0.9901281124539051,0.9310344827586207,0.896551724137931,0.9578544061302682,0.9117647058823529,0.9433962264150944,0.8709677419354839,0.9615384615384616,1.0,0.9512195121951219,0.940677966101695,1.0,0.9310344827586207,0.9450222222222222,0.87,0.8666666666666667,0.8733333333333333,0.8666666666666667,0.956989247311828,0.7368421052631579,0.5981879477454699,0.5685279187817259,0.27380952380952384,0.7876106194690266,0.27380952380952384,0.9090909090909091,0.7745098039215687,0.9432871256797121,0.8638392857142857,0.8710743801652893,0.8601516427969671,0.8710743801652893,0.9782903663500678,0.6666666666666666
real_d280_f100_s0,real,280,100,0,1225,0,12.761008555131655,0.9848933284005426,0.9728649130742323,0.993313475537376,0.9310344827586207,0.9003831417624522,0.9616858237547893,0.8725490196078431,0.9685534591194969,0.8387096774193549,0.8846153846153846,1.0,1.0,0.9576271186440678,1.0,0.9310344827586207,0.9612888888888889,0.8666666666666667,0.7933333333333333,0.94,0.7933333333333333,0.967741935483871,0.8947368421052632,0.439369995785925,0.5685279187817259,0.11904761904761904,0.9026548672566371,0.11904761904761904,0.9090909090909091,0.9019607843137255,0.9547863563257605,0.8973214285714286,0.8165289256198347,0.9385004212299916,0.8165289256198347,0.9864314789687924,0.86
real_d70_f100_s0,real,70,100,0,1225,0,11.09286385771508,0.986434825502528,0.974684883928957,0.9945631375566166,0.9425287356321839,0.9117816091954023,0.9693486590038314,0.9019607843137255,0.9685534591194969,0.8548387096774194,0.9615384615384616,1.0,0.975609756097561,0.9661016949152542,1.0,0.9425287356321839,0.9470888888888889,0.8466666666666667,0.7866666666666666,0.9066666666666666,0.7866666666666666,0.956989247311828,0.8245614035087719,0.4998946481247366,0.5583756345177665,0.14285714285714285,0.8672566371681416,0.14285714285714285,0.8181818181818182,0.8725490196078431,0.9456641160784532,0.8783482142857143,0.8165289256198347,0.9098567818028643,0.8165289256198347,0.9905020352781547,0.7777777777777778
syn-combo_d140_f0_s0,syn-combo,140,0,0,1900,0,17.266262031532825,0.9750894068319151,0.9548916126071333,0.9899096828172365,0.9272030651340997,0.89272030651341,0.9578544061302682,0.8725490196078431,0.9622641509433962,0.8225806451612904,0.9230769230769231,1.0,0.975609756097561,0.9576271186440678,1.0,0.9272030651340997,0.9357555555555556,0.8466666666666667,0.76,0.9333333333333333,0.76,0.946236559139785,0.9122807017543859,0.6114096080910241,0.5736040609137056,0.2976190476190476,0.7787610619469026,0.2976190476190476,0.8181818181818182,0.7745098039215687,0.9316667478955907,0.8655133928571429,0.8049586776859504,0.8963774220724515,0.8049586776859504,0.9565807327001357,0.7977777777777778
syn-combo_d140_f0_s1,syn-combo,140,0,1,1900,0,11.806810465951761,0.9727155012948576,0.9492729865496357,0.9900494032304173,0.9233716475095786,0.8888888888888888,0.9540229885057471,0.8823529411764706,0.949685534591195,0.8387096774193549,0.9230769230769231,1.0,0.975609756097561,0.940677966101695,1.0,0.9233716475095786,0.9387111111111112,0.8533333333333334,0.7533333333333333,0.9533333333333334,0.7533333333333333,0.946236559139785,0.9649122807017544,0.6154656552886641,0.5482233502538071,0.19047619047619047,0.8141592920353983,0.19047619047619047,0.9090909090909091,0.803921568627451,0.9341753291512042,0.8733258928571429,0.7818181818181819,0.9199663016006739,0.7818181818181819,0.9606512890094979,0.8533333333333334
syn-v3_d140_f0_s0,syn-v3,140,0,0,1353,0,8.574128135045369,0.9674435812060673,0.9437244979543099,0.9867389834108415,0.9310344827586207,0.896551724137931,0.9616858237547893,0.8823529411764706,0.9622641509433962,0.8225806451612904,0.9615384615384616,1.0,1.0,0.9491525423728814,0.9770114942528736,0.9372549019607843,0.9102222222222223,0.8333333333333334,0.7066666666666667,0.96,0.7066666666666667,0.956989247311828,0.9649122807017544,0.5453539823008849,0.5329949238578681,0.16666666666666666,0.8053097345132744,0.16666666666666666,1.0,0.7843137254901961,0.918406706259965,0.8683035714285714,0.7421487603305785,0.932603201347936,0.7421487603305785,0.9592944369063772,0.8888888888888888
syn-v3_d140_f0_s1,syn-v3,140,0,1,1353,0,8.397845210755865,0.9650080157849303,0.9429561877151518,0.9831087475351938,0.9157088122605364,0.8812260536398467,0.9464559386973179,0.8627450980392157,0.949685534591195,0.8225806451612904,0.9615384615384616,0.8571428571428571,0.9512195121951219,0.9491525423728814,0.9386973180076629,0.9306122448979591,0.9020666666666667,0.8,0.64,0.96,0.64,0.956989247311828,0.9649122807017544,0.5473029919932575,0.5380710659898477,0.16666666666666666,0.8141592920353983,0.16666666666666666,1.0,0.7941176470588235,0.9057342978687851,0.8521205357142857,0.6991735537190082,0.9300758213984835,0.6991735537190082,0.9416553595658074,0.9111111111111111
syn-v3_d140_f0_s2,syn-v3,140,0,2,1353,0,8.515327467179548,0.9715747934393884,0.9506911166710194,0.9875105281380117,0.9272030651340997,0.89272030651341,0.9578544061302682,0.8921568627450981,0.949685534591195,0.8387096774193549,0.9615384615384616,1.0,0.9512195121951219,0.9491525423728814,0.896551724137931,0.9572649572649573,0.8930444444444444,0.8133333333333334,0.6866666666666666,0.94,0.6866666666666666,0.946236559139785,0.9298245614035088,0.5167509481668774,0.5126903553299492,0.16666666666666666,0.7699115044247787,0.16666666666666666,0.9090909090909091,0.7549019607843137,0.89845850710521,0.8420758928571429,0.7223140495867768,0.9031171019376579,0.7223140495867768,0.9389416553595658,0.8444444444444444
syn_d140_f0_s0,syn,140,0,0,1353,0,9.304881252751995,0.9774941423110125,0.9581844422137318,0.991765821314055,0.9272030651340997,0.89272030651341,0.9540229885057471,0.9313725490196079,0.9245283018867925,0.9032258064516129,0.9615384615384616,1.0,0.9512195121951219,0.9152542372881356,1.0,0.9272030651340997,0.9464444444444444,0.8733333333333333,0.9133333333333333,0.8333333333333334,0.9133333333333333,0.946236559139785,0.6491228070175439,0.6315844922039612,0.5482233502538071,0.3333333333333333,0.7079646017699115,0.3333333333333333,1.0,0.6764705882352942,0.9385763122532671,0.8526785714285714,0.8991735537190083,0.8289806234203876,0.8991735537190083,0.966078697421981,0.6044444444444445
syn_d140_f0_s1,syn,140,0,1,1353,0,8.516292801871895,0.9773091626587742,0.9595707020515793,0.9907614032186575,0.9195402298850575,0.8812260536398467,0.9501915708812261,0.9215686274509803,0.9182389937106918,0.8870967741935484,0.9615384615384616,1.0,0.9512195121951219,0.9067796610169492,1.0,0.9195402298850575,0.9457777777777778,0.87,0.8933333333333333,0.8466666666666667,0.8933333333333333,0.946236559139785,0.6842105263157895,0.6438053097345132,0.5431472081218274,0.2619047619047619,0.7522123893805309,0.2619047619047619,0.9090909090909091,0.7352941176470589,0.9405265026770733,0.8671875,0.8876033057851239,0.8567818028643639,0.8876033057851239,0.9687924016282226,0.6733333333333333
syn_d140_f0_s2,syn,140,0,2,1353,0,8.55132530995955,0.9772783327167345,0.9591862787113338,0.9908352703256513,0.9272030651340997,0.89272030651341,0.9540229885057471,0.9215686274509803,0.9308176100628931,0.9032258064516129,0.9230769230769231,1.0,0.9512195121951219,0.923728813559322,1.0,0.9272030651340997,0.9381111111111111,0.8633333333333333,0.9,0.8266666666666667,0.9,0.946236559139785,0.631578947368421,0.6426991150442478,0.5532994923857868,0.36904761904761907,0.6902654867256637,0.36904761904761907,0.8181818181818182,0.6764705882352942,0.93287613053256,0.8521205357142857,0.8942148760330578,0.8306655433866892,0.8942148760330578,0.966078697421981,0.6088888888888889
zeroshot_d140,zeroshot,140,,,,,,0.9295844123813047,0.8945796752915959,0.9569804047094286,0.8620689655172413,0.8160919540229885,0.9003831417624522,0.7647058823529411,0.9245283018867925,0.6451612903225806,0.9230769230769231,1.0,1.0,0.8983050847457628,0.5708812260536399,0.9463087248322147,,,,,,,,,,,,,,,,,,,,,
zeroshot_d140_cuda,zeroshot,140,,,,,,0.9282587248735973,0.893586581376313,0.9557291456333135,0.8659003831417624,0.8237547892720306,0.9042145593869731,0.7647058823529411,0.9308176100628931,0.6451612903225806,0.9230769230769231,1.0,1.0,0.9067796610169492,0.6168582375478927,0.9440993788819876,0.9518888888888889,0.8066666666666666,0.62,0.9933333333333333,0.62,0.989247311827957,1.0,0.42035398230088494,0.5634517766497462,0.011904761904761904,0.9734513274336283,0.011904761904761904,1.0,0.9705882352941176,0.94588970040452,0.8521205357142857,0.6181818181818182,0.9713563605728728,0.6181818181818182,0.9986431478968792,0.9266666666666666
zeroshot_d280,zeroshot,280,,,,,,0.948205697373289,0.9216378827734362,0.9706009260914331,0.8850574712643678,0.8467432950191571,0.9233716475095786,0.8137254901960784,0.9308176100628931,0.7096774193548387,0.9615384615384616,1.0,1.0,0.9067796610169492,0.7816091954022989,0.9313725490196079,0.9648888888888889,0.7733333333333333,0.5466666666666666,1.0,0.5466666666666666,1.0,1.0,0.34571217867678045,0.5736040609137056,0.011904761904761904,0.9911504424778761,0.011904761904761904,1.0,0.9901960784313726,0.9546366630229692,0.8420758928571429,0.5702479338842975,0.9806234203875316,0.5702479338842975,1.0,0.9488888888888889
zeroshot_d70,zeroshot,70,,,,,,0.9408681711678382,0.9128051564786418,0.9641140059787017,0.8735632183908046,0.8314176245210728,0.9118773946360154,0.803921568627451,0.9182389937106918,0.6935483870967742,0.9615384615384616,1.0,1.0,0.8898305084745762,0.7126436781609196,0.946236559139785,0.9449333333333333,0.87,0.8866666666666667,0.8533333333333334,0.8866666666666667,0.989247311827957,0.631578947368421,0.4915718499789296,0.5126903553299492,0.25,0.7079646017699115,0.25,1.0,0.6764705882352942,0.9422288288413738,0.8487723214285714,0.8958677685950414,0.8247683235046336,0.8958677685950414,0.9959294436906377,0.5444444444444444
