id,w,h,angle_deg,area_frac,solidity,touches_border,n_parts,mask_ok,bg_L,bg_a,bg_b
1,1826,726,-1.82,0.605,0.954,0,1,1,80.2,0.2,3.5
2,1749,669,1.52,0.591,0.941,0,1,1,72.6,0.2,3.5
3,1859,724,0.96,0.578,0.919,0,1,1,73.7,0.7,3.5
8,1868,777,-2.82,0.586,0.951,0,1,1,73.2,0.2,3.4
9,1846,721,-1.74,0.543,0.911,0,1,1,72.5,0.2,3.6
11,1785,696,-0.36,0.589,0.923,0,1,1,72.2,0.2,3.2
12,1741,704,-0.37,0.604,0.929,0,1,1,72.6,0.2,3.7
13,1908,721,2.23,0.572,0.925,0,1,1,71.9,0.2,3.5
14,1821,653,-0.27,0.589,0.93,0,1,1,71.5,-0.2,3.6
15,1873,748,3.59,0.571,0.926,0,1,1,72.2,0.2,3.5
16,1810,642,-2.68,0.568,0.892,0,1,1,69.7,0.2,3.7
17,1760,872,2.89,0.566,0.93,0,1,1,74.4,0.2,3.6
18,1892,733,-0.92,0.585,0.91,0,1,1,71.7,0.2,3.4
19,1873,659,-1.5,0.572,0.893,0,1,1,72.2,0.2,3.6
20,1639,611,-2.82,0.532,0.888,0,1,1,67.8,0.2,3.3
21,1897,688,-2.93,0.576,0.916,0,1,1,71.5,0.0,2.9
22,1594,613,-0.45,0.539,0.899,0,1,1,64.8,0.2,3.2
25,1743,625,-0.44,0.557,0.912,0,1,1,67.2,-0.2,3.3
27,1838,588,1.52,0.54,0.904,0,1,1,66.7,0.7,3.7
28,1825,703,0.15,0.564,0.934,0,1,1,68.0,-0.2,3.2
29,1734,591,-0.28,0.548,0.92,0,1,1,64.0,0.2,3.3
31,1860,706,-2.99,0.561,0.912,0,1,1,86.6,0.7,3.8
33,1833,665,-0.52,0.535,0.887,0,1,1,84.1,0.7,5.6
34,1670,608,3.28,0.598,0.914,0,1,1,66.3,0.2,3.2
35,1923,682,-0.55,0.558,0.92,0,1,1,84.1,0.2,5.5
36,1901,681,4.47,0.536,0.906,0,1,1,86.2,0.5,5.5
37,1726,765,5.89,0.614,0.843,0,2,1,79.1,0.0,3.0
40,1927,743,2.24,0.582,0.893,0,5,1,79.3,0.0,2.8
42,1911,757,1.76,0.592,0.93,0,13,1,78.6,0.0,2.2
43,1858,702,-0.47,0.553,0.881,0,1,1,77.9,0.2,2.9
45,1712,734,5.48,0.546,0.893,0,1,1,77.7,0.0,2.9
46,1874,686,4.27,0.608,0.914,0,4,1,79.8,-0.2,2.9
47,1674,633,5.09,0.628,0.861,0,2,1,78.8,0.0,2.8
48,1520,621,-0.29,0.609,0.94,0,1,1,82.7,0.0,2.8
49,1665,695,-1.73,0.573,0.92,0,1,1,76.8,0.0,2.8
50,1934,659,2.13,0.557,0.869,0,3,1,74.7,0.0,2.8
52,1809,662,-0.7,0.55,0.889,0,1,1,76.9,0.2,3.0
53,1610,529,-0.79,0.56,0.862,0,3,1,73.5,0.2,2.7
54,1696,667,0.74,0.539,0.918,0,1,1,80.5,0.2,3.0
55,1617,478,1.75,0.526,0.872,0,1,1,75.2,0.2,3.0
56,1900,659,3.72,0.571,0.909,0,1,1,84.8,-0.2,2.8
57,1940,676,-0.16,0.554,0.917,0,2,1,83.6,-0.2,2.9
58,1615,623,-1.58,0.585,0.905,0,1,1,83.6,0.2,2.9
60,1895,665,0.06,0.526,0.879,0,1,1,83.3,0.1,2.9
61,1957,698,-0.03,0.571,0.921,0,1,1,75.2,0.0,2.9
62,1845,619,-2.37,0.513,0.854,0,1,1,78.3,0.2,3.0
63,1697,723,-8.78,0.533,0.874,0,1,1,79.9,0.2,2.8
68,1936,763,-0.42,0.562,0.85,0,1,1,68.5,-0.2,3.8
69,1948,644,0.85,0.527,0.851,0,1,1,70.2,-0.2,3.7
72,1874,580,0.28,0.566,0.92,0,1,1,74.3,-0.2,3.0
75,1901,619,-0.73,0.592,0.938,0,1,1,74.0,-0.2,3.8
76,1922,730,-2.54,0.592,0.924,0,1,1,70.4,-0.2,3.0
77,1889,662,-2.28,0.592,0.908,0,1,1,78.4,0.2,3.5
79,1544,600,0.48,0.586,0.934,0,1,1,62.3,-0.2,4.0
80,1529,755,-1.59,0.622,0.916,0,1,1,65.9,0.2,3.0
81,1276,536,-3.4,0.582,0.944,0,2,1,56.8,-0.2,4.0
82,1626,561,1.42,0.55,0.927,0,1,1,61.4,-0.2,3.2
83,1768,536,3.85,0.538,0.899,0,1,1,61.7,-0.2,4.0
85,1847,593,-0.39,0.516,0.853,0,1,1,70.3,0.1,3.0
86,1875,602,0.51,0.532,0.844,0,1,1,64.1,-0.2,4.0
87,1731,516,-2.51,0.556,0.899,0,1,1,67.4,-0.2,3.9
89,1772,634,-6.13,0.514,0.817,0,1,1,64.4,-0.2,3.0
91,1983,639,0.3,0.567,0.918,0,1,1,69.0,-0.2,3.9
92,1925,840,0.16,0.611,0.942,0,1,1,72.2,-0.2,3.9
93,1849,777,-1.82,0.559,0.877,0,1,1,67.4,-0.2,3.5
95,1882,728,-3.2,0.557,0.91,0,1,1,64.8,-0.2,3.8
96,1830,710,-10.32,0.542,0.876,0,1,1,64.4,-0.2,3.9
97,1920,786,2.43,0.577,0.906,0,1,1,69.6,-0.2,3.9
98,1434,638,-1.7,0.625,0.924,0,1,1,61.1,-0.2,4.0
99,1765,632,-0.01,0.577,0.929,0,1,1,63.4,-0.2,3.9
100,1760,622,-6.31,0.568,0.871,0,1,1,62.5,0.1,3.3
103,1882,632,6.2,0.592,0.888,0,1,1,63.6,0.1,3.3
104,1753,686,-3.52,0.57,0.918,0,1,1,63.6,-0.2,3.9
105,1161,490,0.42,0.594,0.917,0,1,1,54.9,-0.2,4.2
106,1955,629,1.53,0.543,0.906,0,1,1,84.3,-7.8,1.2
107,1532,716,-5.94,0.627,0.967,0,1,1,62.5,-0.2,3.9
108,1999,718,-0.21,0.566,0.912,0,1,1,68.7,0.1,3.7
110,1473,584,3.04,0.592,0.945,0,1,1,58.7,-0.2,4.0
111,1902,732,-2.06,0.599,0.932,0,1,1,66.3,-0.2,4.0
115,1612,536,0.08,0.565,0.905,0,1,1,58.7,0.2,3.3
116,1538,622,-0.84,0.601,0.938,0,1,1,61.2,0.0,3.8
118,1236,458,0.59,0.564,0.921,0,2,1,54.8,-0.2,4.1
119,1437,643,3.89,0.578,0.93,0,1,1,58.7,-0.2,3.3
121,1337,584,5.8,0.551,0.914,0,1,1,58.0,-0.2,4.0
122,1378,502,-0.35,0.57,0.927,0,1,1,58.2,-0.2,4.1
123,1707,702,6.81,0.6,0.934,0,1,1,65.1,-0.2,3.9
124,1349,535,-8.88,0.569,0.924,0,1,1,56.4,-0.2,4.2
125,1858,701,2.16,0.54,0.898,0,2,1,62.5,-0.2,3.9
126,1726,658,2.96,0.587,0.916,0,1,1,62.1,-0.2,4.0
128,1712,646,-4.18,0.58,0.929,0,1,1,68.5,-0.2,3.9
129,1851,637,2.78,0.558,0.898,0,1,1,64.0,0.1,3.1
130,1641,584,3.82,0.554,0.923,0,1,1,69.4,-0.2,4.1
131,1612,548,4.47,0.535,0.909,0,1,1,58.0,-0.2,3.9
132,1932,738,-3.9,0.549,0.913,0,1,1,67.4,-0.2,3.1
135,1797,752,-1.1,0.565,0.919,0,1,1,62.9,0.2,3.1
137,1717,665,-5.41,0.586,0.912,0,1,1,62.9,0.1,3.0
140,1450,583,3.72,0.585,0.942,0,2,1,57.9,-0.2,4.0
141,1413,474,-0.05,0.552,0.907,0,1,1,52.8,0.2,4.0
142,1608,635,-1.22,0.579,0.914,0,1,1,62.5,-0.2,3.9
144,1805,708,1.83,0.565,0.916,0,1,1,65.9,-0.2,3.9
145,1883,729,-1.99,0.553,0.9,0,1,1,69.9,0.1,3.0
146,1909,683,12.96,0.572,0.891,0,1,1,63.9,0.1,3.0
147,1841,575,2.56,0.571,0.892,0,1,1,63.5,-0.2,3.9
148,1854,645,0.11,0.575,0.928,0,1,1,70.7,0.1,2.9
149,1461,557,2.78,0.528,0.908,0,1,1,57.1,-0.2,3.9
151,1834,729,0.77,0.549,0.9,0,1,1,65.5,-0.2,3.9
152,1643,601,0.8,0.545,0.915,0,1,1,60.8,-0.2,4.3
153,1741,646,2.53,0.56,0.911,0,1,1,66.6,-0.2,3.8
154,1664,645,-1.57,0.594,0.941,0,1,1,62.1,-0.2,3.9
156,1583,632,0.86,0.582,0.953,0,1,1,62.5,-0.2,4.0
158,1715,713,-2.61,0.618,0.957,0,1,1,65.1,-0.2,3.9
159,1553,534,3.28,0.564,0.908,0,1,1,58.7,-0.2,3.9
160,1957,751,-0.23,0.574,0.921,0,1,1,68.5,-0.2,3.8
161,1749,698,0.61,0.619,0.9,0,1,1,65.3,-0.2,3.4
162,1713,672,-3.42,0.566,0.908,0,1,1,63.3,-0.2,3.9
163,1337,556,-4.37,0.58,0.901,0,1,1,54.4,-0.2,3.9
164,1373,640,6.2,0.58,0.913,0,1,1,61.4,-0.2,3.9
166,1489,637,-3.2,0.58,0.931,0,1,1,62.2,0.0,3.2
167,1491,586,-2.16,0.53,0.898,0,1,1,56.3,-0.2,4.1
168,1690,728,0.04,0.614,0.962,0,1,1,68.9,-0.2,3.4
170,1124,500,-1.26,0.628,0.934,0,1,1,55.7,0.2,3.3
171,1814,667,0.47,0.573,0.926,0,1,1,69.6,-0.2,3.8
173,1847,630,1.67,0.547,0.88,0,1,1,64.8,0.1,3.1
174,1683,619,3.34,0.608,0.912,0,1,1,62.9,-0.2,3.9
176,1550,651,-0.85,0.557,0.903,0,1,1,66.1,-0.2,3.8
177,1169,512,5.46,0.575,0.91,0,1,1,58.7,-0.2,3.9
178,1536,637,3.3,0.566,0.893,0,1,1,66.4,-0.2,3.1
179,1398,574,6.36,0.596,0.899,0,1,1,63.1,-0.2,3.1
180,1421,666,3.6,0.633,0.966,0,1,1,68.2,-0.2,3.0
182,1757,639,2.55,0.579,0.917,0,1,1,75.0,-0.2,3.6
183,1605,586,-0.19,0.6,0.901,0,1,1,64.6,-0.2,3.1
184,1667,670,-1.82,0.587,0.928,0,1,1,67.1,-0.2,3.8
185,1712,751,4.63,0.601,0.952,0,1,1,68.2,-0.2,3.1
187,1790,737,-0.67,0.589,0.931,0,1,1,69.2,-0.2,3.0
189,1625,619,2.62,0.588,0.891,0,1,1,64.2,-0.2,3.1
190,1512,606,0.76,0.64,0.939,0,1,1,66.1,-0.2,2.9
191,1771,799,-1.47,0.612,0.963,0,1,1,70.7,0.0,3.0
192,1334,474,1.52,0.53,0.871,0,2,1,62.5,-0.2,3.0
193,1359,561,-5.97,0.625,0.915,0,1,1,64.5,-0.2,2.9
194,1612,719,-2.32,0.616,0.958,0,1,1,67.3,0.0,3.1
195,1814,655,2.45,0.587,0.906,0,1,1,67.6,-0.2,3.1
197,1508,655,0.68,0.566,0.908,0,1,1,66.3,-0.2,3.1
198,1472,636,1.07,0.635,0.951,0,1,1,67.3,-0.2,3.9
200,1768,749,-3.52,0.67,0.924,0,1,1,70.8,-0.2,3.8
201,1848,759,3.55,0.591,0.922,0,1,1,77.8,-0.2,3.7
203,1759,686,-3.72,0.594,0.934,0,1,1,71.4,-0.2,3.0
206,1676,627,-0.53,0.605,0.909,0,1,1,71.0,-0.2,3.0
207,1535,635,7.18,0.578,0.869,0,1,1,72.6,-0.2,3.8
208,1691,587,-2.38,0.524,0.869,0,1,1,70.8,-0.2,3.8
209,1722,621,-0.18,0.569,0.895,0,1,1,71.6,-0.2,3.0
210,1872,617,1.4,0.552,0.864,0,1,1,68.9,-0.2,3.1
211,1842,727,0.38,0.56,0.893,0,1,1,73.7,-0.2,3.8
212,1750,566,1.61,0.572,0.897,0,1,1,70.1,-0.2,3.6
213,1706,650,-6.94,0.556,0.887,0,1,1,68.9,-0.2,3.4
214,1710,678,7.17,0.55,0.865,0,1,1,68.1,-0.2,3.1
216,1755,671,3.35,0.534,0.879,0,1,1,67.6,-0.2,3.8
217,1790,697,-1.66,0.539,0.888,0,1,1,72.8,-0.2,3.1
219,1819,756,-0.16,0.611,0.957,0,1,1,77.0,-0.2,3.5
220,1766,691,-6.75,0.552,0.914,0,1,1,72.6,-0.2,3.3
221,1668,607,-1.39,0.545,0.844,0,1,1,73.0,-0.2,3.6
222,1835,708,2.4,0.528,0.891,0,1,1,75.5,-0.2,3.6
225,1798,726,-2.27,0.589,0.919,0,1,1,75.5,-0.2,3.5
226,1985,676,2.49,0.537,0.887,0,1,1,75.9,-0.2,3.8
227,1939,576,1.92,0.552,0.874,0,1,1,71.1,-0.2,3.1
229,1628,559,14.55,0.541,0.849,0,1,1,67.6,-0.2,3.8
230,1772,670,1.91,0.514,0.843,0,1,1,70.8,-0.2,3.1
231,1789,670,-0.63,0.574,0.925,0,1,1,70.8,0.2,3.4
234,1630,784,-1.82,0.656,0.917,0,1,1,83.5,3.4,2.4
236,1466,648,-1.82,0.6,0.934,0,1,1,78.4,3.2,3.4
237,1612,696,-4.05,0.489,0.838,0,1,1,79.1,4.7,2.3
238,1929,757,-2.19,0.561,0.917,0,1,1,80.9,4.4,2.4
239,1625,609,-1.3,0.54,0.919,0,1,1,76.4,3.2,3.4
240,1541,561,-2.81,0.5,0.844,0,1,1,75.1,3.2,3.4
242,1627,564,-0.08,0.542,0.888,0,1,1,79.9,3.5,3.2
244,1553,511,3.08,0.511,0.859,0,1,1,77.6,3.5,3.3
245,1557,600,-3.98,0.57,0.905,0,1,1,70.2,3.3,3.5
246,1593,594,4.16,0.522,0.868,0,1,1,78.7,3.5,2.4
247,1521,613,0.19,0.482,0.856,0,1,1,78.4,3.2,3.4
249,1689,691,0.02,0.525,0.884,0,1,1,79.5,3.2,3.4
250,1678,656,0.31,0.605,0.931,0,1,1,77.0,3.2,3.4
251,1664,691,-1.87,0.558,0.893,0,1,1,79.1,3.2,3.4
252,1574,724,-2.57,0.58,0.919,0,1,1,83.1,3.4,3.2
256,1358,647,6.48,0.565,0.896,0,1,1,82.4,3.4,2.4
257,1868,691,9.75,0.544,0.873,0,1,1,78.1,3.2,3.4
259,1635,642,4.36,0.525,0.902,0,1,1,76.4,3.2,3.4
260,1721,629,-2.69,0.542,0.895,0,1,1,76.6,3.1,3.5
261,1701,665,3.71,0.536,0.863,0,1,1,76.2,3.2,3.4
263,1714,593,-0.51,0.545,0.871,0,1,1,75.9,3.1,3.7
264,1590,684,0.4,0.568,0.906,0,1,1,78.1,3.1,3.4
265,1645,665,-2.04,0.587,0.944,0,1,1,77.3,3.2,3.4
266,1455,580,-3.91,0.587,0.884,0,1,1,79.9,3.4,3.2
269,1534,851,7.86,0.604,0.904,0,1,1,83.8,4.1,2.4
271,1678,629,-1.46,0.542,0.876,0,1,1,78.1,3.2,3.4
274,1577,678,3.63,0.604,0.948,0,1,1,77.3,3.1,3.5
275,1512,642,-3.83,0.51,0.839,0,1,1,74.3,3.1,3.7
276,1570,676,3.12,0.579,0.926,0,1,1,78.5,3.1,3.4
278,1706,728,-0.27,0.59,0.92,0,1,1,81.8,3.1,3.4
280,1715,723,3.37,0.564,0.933,0,1,1,82.7,4.3,3.2
283,1468,716,-0.64,0.661,0.928,0,1,1,83.3,3.4,3.2
284,1300,658,5.25,0.699,0.952,0,1,1,82.0,3.5,2.4
285,1631,631,6.85,0.537,0.893,0,1,1,81.0,3.5,3.2
286,1709,674,2.33,0.552,0.902,0,1,1,77.7,3.1,3.5
287,1625,723,0.24,0.576,0.861,0,1,1,83.4,3.4,3.2
288,1556,723,4.85,0.553,0.903,0,1,1,83.5,3.4,2.4
289,1631,705,1.64,0.594,0.916,0,1,1,84.5,3.4,2.4
290,1522,679,2.38,0.633,0.933,0,1,1,83.8,3.4,3.2
292,1622,716,3.97,0.578,0.898,0,1,1,82.2,3.2,3.4
293,1764,758,5.25,0.492,0.759,0,1,1,82.2,3.5,2.4
294,1744,614,-1.52,0.561,0.877,0,1,1,75.0,3.1,3.5
295,1529,544,7.67,0.486,0.841,0,1,1,77.4,3.2,3.4
298,1433,722,-3.21,0.598,0.941,0,1,1,83.4,3.4,3.2
300,1529,630,-5.36,0.438,0.755,0,1,1,80.3,3.5,2.4
301,1647,648,-3.58,0.519,0.859,0,1,1,81.3,3.5,3.2
303,1761,651,-0.23,0.528,0.907,0,1,1,82.8,3.2,3.3
304,1385,658,1.7,0.582,0.929,0,1,1,84.1,3.4,3.2
305,1376,670,2.26,0.651,0.921,0,1,1,82.3,3.1,3.4
306,1516,688,-2.45,0.556,0.925,0,1,1,82.4,3.2,3.4
307,1520,550,-3.48,0.511,0.877,0,1,1,78.8,3.4,3.3
308,1577,776,-5.07,0.586,0.913,0,1,1,82.5,3.1,3.4
309,1521,580,-3.43,0.457,0.777,0,1,1,77.1,3.4,3.4
311,1652,644,2.78,0.556,0.913,0,1,1,78.1,3.2,3.4
313,1637,622,1.22,0.558,0.902,0,1,1,74.4,3.2,3.5
314,1590,725,7.31,0.566,0.879,0,1,1,85.2,3.2,3.2
315,1623,666,-3.31,0.55,0.892,0,1,1,79.8,3.2,3.4
316,1724,708,3.36,0.545,0.889,0,1,1,79.2,3.2,3.4
318,1433,614,5.4,0.485,0.867,0,1,1,81.3,3.5,2.4
319,1358,804,-9.47,0.651,0.924,0,1,1,84.8,3.1,3.4
321,1371,654,3.51,0.447,0.768,0,1,1,83.0,3.5,2.4
323,1536,547,-0.65,0.515,0.815,0,1,1,81.6,3.6,2.5
324,1327,627,5.87,0.55,0.844,0,1,1,82.0,3.5,2.4
325,1456,563,0.24,0.581,0.932,0,1,1,77.9,3.2,2.5
328,1568,672,-6.13,0.594,0.944,0,1,1,80.4,3.1,3.3
331,1221,636,2.09,0.59,0.916,0,1,1,81.3,3.5,2.4
332,1461,711,-7.52,0.499,0.807,0,1,1,77.7,3.2,3.5
333,1391,664,0.42,0.608,0.943,0,1,1,79.9,3.4,3.2
334,1662,590,-5.81,0.537,0.831,0,1,1,79.9,3.2,3.2
335,1758,745,2.92,0.575,0.912,0,1,1,79.2,3.2,3.4
336,1410,795,0.76,0.652,0.941,0,1,1,84.7,3.2,3.3
337,1737,795,1.54,0.375,0.617,0,1,0,79.6,3.2,3.2
339,1720,603,-0.67,0.59,0.895,0,1,1,74.8,3.2,3.5
340,1573,675,-3.18,0.574,0.892,0,1,1,78.1,3.2,3.4
342,1670,521,0.12,0.523,0.858,0,1,1,80.2,3.1,3.4
343,1816,784,-2.84,0.575,0.934,0,1,1,83.8,3.5,3.2
344,1803,639,-2.57,0.553,0.888,0,1,1,79.6,3.2,3.4
346,1695,656,-0.25,0.611,0.933,0,1,1,83.7,3.4,3.3
347,1733,794,-4.14,0.635,0.947,0,1,1,86.1,3.1,3.3
349,1662,743,-4.88,0.54,0.883,0,1,1,85.6,3.1,3.3
351,1720,721,-1.36,0.559,0.867,0,1,1,79.2,3.2,3.4
352,1488,626,-2.46,0.619,0.943,0,1,1,77.7,2.3,3.7
353,1592,673,6.54,0.592,0.91,0,1,1,81.3,3.2,3.4
354,1708,672,-3.49,0.49,0.87,0,1,1,78.8,3.4,3.3
355,1484,712,0.49,0.624,0.956,0,1,1,84.2,3.1,3.4
356,1692,617,-1.92,0.531,0.891,0,1,1,80.2,3.2,3.4
357,1863,833,-3.01,0.583,0.919,0,1,1,83.5,3.1,3.3
362,1401,590,1.04,0.614,0.915,0,1,1,79.9,4.0,3.3
363,1710,667,-4.63,0.563,0.893,0,1,1,77.7,3.4,3.4
364,1521,732,2.57,0.608,0.958,0,1,1,81.7,4.3,3.2
365,1777,589,0.75,0.554,0.919,0,1,1,76.3,3.2,3.4
366,1739,753,-7.64,0.54,0.867,0,1,1,83.5,3.2,3.3
367,1640,667,1.89,0.573,0.938,0,1,1,80.4,3.1,3.4
368,1643,759,4.56,0.586,0.884,0,1,1,81.7,3.0,3.4
369,1678,671,-5.09,0.489,0.791,0,1,1,77.4,3.1,3.4
371,1592,604,-1.36,0.522,0.894,0,1,1,81.3,3.1,3.4
372,1706,755,-8.11,0.538,0.898,0,1,1,83.5,3.2,3.3
373,1615,657,-3.31,0.547,0.916,0,1,1,79.9,3.2,3.3
374,1847,800,-1.1,0.56,0.931,0,1,1,80.6,3.0,3.6
375,1773,639,-2.65,0.526,0.893,0,1,1,77.7,3.2,3.4
376,1406,699,-1.62,0.572,0.893,0,1,1,79.4,4.3,2.4
377,1728,736,3.38,0.528,0.878,0,1,1,82.8,3.4,3.2
378,1823,710,0.47,0.55,0.894,0,1,1,79.5,3.2,3.4
379,1342,790,-0.76,0.609,0.906,0,1,1,83.5,3.4,3.2
381,1591,759,1.4,0.596,0.952,0,1,1,80.9,3.1,3.4
383,1429,790,-3.83,0.636,0.934,0,1,1,80.2,3.2,3.4
385,1827,697,-3.91,0.547,0.893,0,1,1,72.0,3.1,3.8
386,1729,706,2.06,0.545,0.901,0,1,1,79.2,3.2,3.4
387,1463,662,2.5,0.594,0.934,0,1,1,81.2,3.5,2.4
389,1635,583,-3.15,0.502,0.858,0,1,1,73.7,3.2,3.4
390,1506,592,4.48,0.546,0.88,0,1,1,77.4,3.5,3.2
392,1855,573,-1.77,0.55,0.874,0,1,1,83.5,3.1,3.3
394,1676,636,-2.45,0.471,0.813,0,1,1,78.1,3.4,3.2
396,1758,614,-4.81,0.505,0.812,0,1,1,78.1,3.5,3.2
397,1704,782,0.3,0.566,0.92,0,1,1,82.4,3.5,2.4
398,1590,650,0.99,0.593,0.901,0,1,1,80.6,3.2,3.4
400,1522,667,11.35,0.537,0.808,0,1,1,80.2,3.2,3.4
403,1653,612,0.31,0.485,0.847,0,1,1,76.3,3.2,3.5
404,1702,657,-2.62,0.521,0.859,0,1,1,79.9,3.2,3.4
405,1408,639,4.74,0.519,0.899,0,1,1,81.6,3.4,3.3
406,1543,623,-1.78,0.569,0.925,0,1,1,81.8,3.1,3.4
407,1637,681,-1.22,0.57,0.92,0,1,1,82.8,3.1,3.4
408,1462,735,-5.49,0.566,0.887,0,3,1,83.8,3.1,3.3
409,1351,674,-1.93,0.554,0.828,0,1,1,83.1,3.4,3.3
410,1534,668,1.27,0.538,0.896,0,1,1,84.5,3.4,3.2
411,1574,683,2.79,0.592,0.92,0,1,1,86.0,3.4,3.2
412,1709,672,-0.21,0.526,0.913,0,1,1,84.1,3.1,3.3
413,1896,488,-2.22,0.523,0.873,0,1,1,78.1,3.1,3.4
415,1471,650,2.61,0.538,0.844,0,1,1,82.0,3.4,3.2
416,1559,744,5.41,0.559,0.92,0,1,1,85.2,3.1,3.3
417,1800,780,-3.52,0.596,0.919,0,1,1,84.4,3.1,3.3
418,1488,738,0.77,0.681,0.963,0,1,1,82.9,3.1,3.4
419,1584,596,-1.59,0.487,0.855,0,1,1,82.0,3.4,3.2
420,1723,654,-1.21,0.561,0.917,0,1,1,80.7,3.1,3.4
421,1512,676,-5.32,0.596,0.9,0,1,1,81.0,3.2,3.3
423,1744,671,2.87,0.525,0.871,0,1,1,79.8,3.5,3.2
425,1763,777,-2.38,0.551,0.85,0,2,1,81.6,3.1,3.4
426,1535,573,-9.97,0.529,0.897,0,1,1,82.0,3.4,3.2
427,1410,563,3.67,0.545,0.843,0,1,1,81.2,3.2,3.3
430,1826,792,-1.34,0.566,0.892,0,1,1,81.0,3.1,3.4
433,1703,761,-0.88,0.532,0.895,0,1,1,82.0,3.1,3.4
434,1364,619,7.81,0.552,0.9,0,1,1,82.0,3.4,2.4
438,1712,645,2.55,0.496,0.846,0,1,1,80.2,3.5,3.2
439,1863,593,1.07,0.576,0.896,0,1,1,78.8,3.1,3.7
440,1664,719,6.59,0.526,0.847,0,1,1,81.7,3.2,3.4
441,1637,597,2.75,0.629,0.917,0,1,1,83.4,3.1,3.3
442,1482,794,-3.51,0.616,0.928,0,1,1,83.7,3.1,3.3
443,1596,674,-3.47,0.557,0.9,0,2,1,84.2,3.1,3.3
445,1697,791,1.18,0.579,0.868,0,1,1,79.7,3.5,3.2
446,1696,635,-2.55,0.548,0.894,0,1,1,73.8,-0.2,3.9
447,1703,732,-1.99,0.589,0.934,0,1,1,80.5,3.0,3.7
448,1548,587,-0.38,0.522,0.85,0,1,1,81.3,3.4,3.2
449,1533,705,8.65,0.558,0.847,0,2,1,80.6,3.4,3.4
450,1805,768,5.77,0.586,0.882,0,1,1,80.6,3.2,3.4
451,1703,601,-3.95,0.537,0.883,0,1,1,77.7,3.1,3.5
454,1698,819,0.6,0.571,0.882,0,1,1,82.7,4.2,3.3
455,1710,675,-2.58,0.529,0.849,0,1,1,79.8,3.2,3.4
456,1445,708,-0.25,0.601,0.933,0,1,1,79.8,3.2,3.4
457,1580,772,-3.65,0.595,0.915,0,1,1,79.5,3.1,3.7
458,1637,660,3.14,0.579,0.905,0,1,1,77.7,3.2,3.4
460,1443,593,-0.17,0.563,0.865,0,1,1,78.0,4.0,3.3
461,1738,668,4.35,0.551,0.866,0,1,1,82.0,3.4,3.2
462,1847,632,-2.02,0.506,0.84,0,1,1,77.4,3.1,3.5
463,1715,665,-0.88,0.535,0.888,0,1,1,76.6,3.1,3.7
464,1315,665,-6.4,0.621,0.891,0,1,1,80.6,4.0,3.2
465,1599,646,3.23,0.593,0.821,0,1,1,78.8,3.2,3.4
466,1788,776,-7.32,0.585,0.91,0,1,1,81.7,3.2,3.4
467,1736,609,6.64,0.473,0.748,0,1,1,74.9,3.2,3.5
468,1753,704,-1.87,0.509,0.882,0,2,1,82.7,3.1,3.4
469,1800,659,0.81,0.514,0.891,0,1,1,80.6,3.4,3.4
470,1582,801,-5.51,0.625,0.919,0,1,1,80.6,3.0,3.5
471,1704,586,1.6,0.508,0.884,0,1,1,78.1,4.0,3.4
472,1687,618,6.14,0.504,0.831,0,1,1,81.3,3.4,3.3
475,1738,728,3.56,0.54,0.853,0,1,1,80.6,3.2,3.4
476,1681,794,2.17,0.611,0.899,0,1,1,82.7,3.1,3.4
478,1417,719,-3.05,0.585,0.894,0,1,1,80.5,3.2,3.4
480,1689,662,-4.09,0.516,0.898,0,1,1,76.8,3.1,3.4
481,1640,845,9.58,0.46,0.757,0,1,1,80.6,3.2,3.4
482,1588,628,2.65,0.551,0.865,0,1,1,81.6,3.2,3.4
485,1692,567,-1.45,0.516,0.872,0,1,1,78.6,3.1,3.6
486,1776,624,3.86,0.537,0.837,0,1,1,77.7,3.2,3.4
487,1546,654,0.72,0.544,0.861,0,1,1,81.0,3.4,3.2
488,1637,706,-2.42,0.599,0.948,0,1,1,79.5,3.2,3.4
489,1644,847,-4.9,0.654,0.946,0,1,1,84.5,3.1,3.3
491,1753,625,1.97,0.558,0.846,0,1,1,76.3,3.2,3.5
492,1545,628,7.95,0.553,0.809,0,1,1,80.3,3.2,3.4
493,1519,750,-6.57,0.602,0.963,0,1,1,76.2,3.5,2.4
494,1813,716,-3.59,0.54,0.896,0,1,1,77.8,3.1,3.5
495,1575,743,-0.61,0.567,0.895,0,1,1,80.5,3.5,3.2
496,1705,730,6.99,0.485,0.805,0,1,1,75.1,3.2,3.4
497,1623,869,-3.1,0.641,0.966,0,1,1,82.8,3.1,3.4
498,1831,657,1.42,0.539,0.895,0,2,1,79.4,3.4,3.4
499,1754,711,1.98,0.558,0.852,0,1,1,79.3,3.1,3.5
502,1152,813,-4.33,0.539,0.813,0,2,0,81.3,3.2,3.3
503,1735,618,-5.38,0.495,0.803,0,1,1,79.7,3.3,3.4
504,1672,644,1.57,0.551,0.912,0,1,1,78.7,3.2,3.4
505,1765,802,-0.87,0.558,0.901,0,1,1,86.6,3.1,3.3
507,1545,828,-3.49,0.494,0.864,0,1,1,82.7,3.1,3.3
508,1416,737,-9.32,0.579,0.905,0,1,1,79.5,3.1,3.4
512,1614,806,-5.33,0.592,0.916,0,1,1,79.8,3.5,3.2
513,1850,697,-7.05,0.559,0.885,0,1,1,79.8,3.2,3.4
514,1832,687,4.46,0.525,0.848,0,1,1,79.2,3.2,3.4
515,1834,750,-4.03,0.533,0.791,0,1,1,80.6,3.2,3.4
517,1857,838,-2.08,0.642,0.944,0,1,1,98.0,1.2,1.5
519,1697,847,2.81,0.713,0.975,0,1,1,88.2,3.0,3.3
521,1940,778,-4.92,0.543,0.884,0,1,1,83.0,3.1,3.5
525,1683,701,0.84,0.611,0.917,0,1,1,82.2,3.2,3.5
528,1773,706,-2.74,0.565,0.924,0,2,1,79.1,3.1,3.4
529,1784,878,-0.72,0.618,0.946,0,1,1,82.3,3.1,3.4
530,1703,692,-0.48,0.535,0.869,0,1,1,77.9,3.2,3.5
531,1791,617,-0.96,0.515,0.884,0,1,1,78.8,3.4,3.2
532,1683,743,-2.13,0.56,0.894,0,1,1,79.7,3.2,3.5
533,1790,657,-2.22,0.553,0.907,0,1,1,80.2,3.1,3.5
534,1360,552,-2.04,0.599,0.897,0,1,1,81.0,3.4,2.4
535,1820,539,3.45,0.576,0.847,0,1,1,76.8,4.3,3.4
536,1579,735,-3.96,0.624,0.951,0,1,1,78.9,3.2,3.4
537,1478,502,0.94,0.544,0.852,0,1,1,73.7,3.2,3.5
540,1324,610,4.08,0.583,0.934,0,1,1,75.9,3.2,3.3
541,1511,713,-1.29,0.582,0.913,0,1,1,76.9,3.1,3.5
542,1139,652,-14.95,0.539,0.792,0,1,1,74.4,3.5,3.3
543,1259,584,-11.03,0.553,0.873,0,1,1,74.9,3.2,2.4
544,1501,554,0.58,0.55,0.901,0,1,1,69.4,3.2,3.5
545,1548,704,-7.15,0.529,0.867,0,1,1,76.4,3.1,3.8
546,1672,618,4.45,0.525,0.868,0,1,1,76.6,3.2,3.5
547,1358,705,2.59,0.535,0.87,0,1,1,77.0,3.2,3.4
548,1465,599,-3.07,0.544,0.906,0,1,1,77.6,3.2,3.4
549,1295,659,-11.92,0.551,0.821,0,1,1,77.3,3.5,2.4
550,1191,639,2.26,0.589,0.947,0,1,1,83.0,3.5,2.4
552,1489,577,0.56,0.563,0.908,0,1,1,75.2,3.2,3.4
553,1440,607,-2.65,0.608,0.928,0,1,1,71.6,3.3,3.5
555,1850,748,2.37,0.609,0.936,0,1,1,75.0,0.9,1.1
556,1726,643,1.03,0.593,0.931,0,1,1,77.7,3.2,3.4
557,1570,633,-10.11,0.529,0.86,0,1,1,76.9,3.5,3.2
558,1806,603,1.85,0.598,0.932,0,2,1,73.5,1.2,1.0
560,1857,773,3.46,0.601,0.941,0,1,1,76.1,0.7,1.1
561,1731,868,2.21,0.596,0.884,0,2,1,78.5,0.4,-0.2
562,1983,646,0.36,0.583,0.872,0,1,1,87.3,0.0,1.0
563,1867,689,-2.8,0.561,0.903,0,1,1,78.4,3.1,3.5
564,1710,715,-2.1,0.626,0.937,0,1,1,80.8,4.3,3.3
566,1799,637,-2.64,0.579,0.926,0,1,1,80.5,3.2,3.4
567,1744,673,2.35,0.63,0.917,0,1,1,80.3,3.2,3.4
571,1841,754,-2.53,0.58,0.933,0,1,1,84.5,3.1,3.3
573,1623,584,-2.01,0.55,0.904,0,1,1,72.2,4.2,2.4
574,1617,669,-0.8,0.611,0.957,0,1,1,75.8,3.1,3.4
575,1574,582,1.6,0.622,0.966,0,1,1,73.8,3.2,3.4
576,1576,621,-0.97,0.574,0.947,0,1,1,78.0,4.8,2.0
577,1768,765,-2.51,0.575,0.935,0,1,1,84.8,3.1,3.3
578,1567,735,-1.9,0.634,0.951,0,1,1,82.3,3.1,3.3
579,1770,676,-0.35,0.595,0.946,0,1,1,81.6,3.1,2.3
580,1583,751,1.46,0.629,0.97,0,1,1,84.5,3.2,3.3
583,1643,670,-0.14,0.584,0.957,0,1,1,81.3,3.1,3.4
584,1761,689,-0.17,0.57,0.939,0,1,1,82.3,3.5,3.2
586,1701,734,0.7,0.634,0.965,0,1,1,82.3,3.1,3.3
587,1685,588,-0.06,0.546,0.914,0,1,1,78.4,3.2,3.4
588,1812,672,-0.63,0.589,0.898,0,1,1,82.0,4.1,3.2
589,1689,854,-0.89,0.526,0.882,0,1,1,81.0,0.4,-0.2
590,1887,720,-0.62,0.601,0.921,0,1,1,83.8,3.1,3.3
591,1845,660,1.46,0.537,0.831,0,1,1,78.2,2.3,3.6
592,1803,665,1.38,0.559,0.915,0,1,1,81.3,3.2,3.3
593,1727,722,-4.99,0.612,0.951,0,1,1,84.2,3.1,3.3
594,1537,735,2.58,0.599,0.93,0,1,1,80.9,3.1,2.3
597,1910,704,-0.44,0.511,0.857,0,1,1,78.6,0.9,2.0
599,1916,681,4.92,0.565,0.907,0,1,1,80.7,2.2,3.6
600,1703,719,-0.95,0.607,0.955,0,1,1,83.4,3.4,3.4
602,1679,704,-1.37,0.602,0.947,0,1,1,82.5,3.1,3.4
603,1826,701,-2.11,0.587,0.953,0,1,1,82.7,3.1,2.2
604,1617,692,-1.39,0.559,0.93,0,1,1,80.9,3.1,3.4
605,1746,650,-1.66,0.538,0.866,0,1,1,79.7,4.4,3.3
607,1865,642,-2.55,0.563,0.894,0,1,1,82.3,3.1,3.4
608,1571,693,-4.34,0.631,0.959,0,1,1,80.9,4.3,3.3
613,1740,724,1.68,0.599,0.928,0,1,1,83.5,3.1,3.3
614,1715,711,-0.29,0.621,0.946,0,1,1,82.7,3.1,3.6
615,1698,758,-2.32,0.615,0.96,0,1,1,83.0,3.1,3.3
616,1627,774,1.15,0.597,0.959,0,1,1,81.6,3.1,2.2
617,1679,603,-0.4,0.628,0.945,0,1,1,80.2,3.5,3.2
618,1617,520,-1.6,0.551,0.901,0,1,1,76.9,2.3,3.6
620,1741,717,-2.44,0.611,0.948,0,1,1,83.1,4.3,3.2
622,1805,590,-0.99,0.577,0.924,0,1,1,80.2,3.5,3.2
626,1835,696,-0.69,0.634,0.959,0,1,1,81.6,3.2,3.4
627,1599,636,-4.78,0.651,0.927,0,1,1,80.4,3.1,3.4
628,1728,738,-1.53,0.599,0.925,0,1,1,80.1,4.3,3.2
629,1808,701,1.08,0.594,0.958,0,1,1,82.0,3.1,3.4
630,1746,709,-0.99,0.625,0.96,0,1,1,84.8,3.1,2.2
631,1555,656,0.21,0.57,0.934,0,1,1,80.5,3.2,3.4
632,1799,813,1.04,0.615,0.933,0,1,1,85.2,3.1,3.3
634,1478,654,2.31,0.608,0.957,0,1,1,80.8,3.5,3.2
635,1566,665,0.09,0.569,0.949,0,1,1,79.8,3.2,3.4
636,1867,653,2.04,0.497,0.839,0,1,1,76.0,-1.4,4.0
639,1788,802,-2.46,0.581,0.935,0,1,1,86.3,3.1,3.3
640,1662,730,-2.95,0.587,0.948,0,1,1,81.8,3.1,3.4
641,1784,710,-2.44,0.605,0.963,0,1,1,83.1,3.1,3.3
642,1737,738,0.32,0.592,0.958,0,1,1,84.8,3.1,3.4
643,1697,742,1.84,0.594,0.955,0,1,1,83.6,3.0,3.6
644,1835,652,-1.7,0.566,0.905,0,1,1,83.4,3.1,3.4
645,1782,710,-0.7,0.585,0.932,0,1,1,83.4,3.1,3.3
646,1847,776,-1.37,0.609,0.941,0,1,1,82.0,3.1,3.4
647,1690,684,-3.68,0.651,0.931,0,1,1,80.6,4.3,3.3
650,1761,836,-1.34,0.591,0.935,0,1,1,86.3,4.3,3.2
652,1666,637,-0.12,0.582,0.922,0,1,1,79.5,3.2,3.4
656,1912,813,-3.07,0.609,0.955,0,1,1,84.8,4.1,2.2
657,1810,611,-3.81,0.588,0.915,0,1,1,78.7,4.7,2.3
659,1653,637,-1.61,0.569,0.904,0,1,1,79.7,3.5,3.3
660,1837,662,-1.3,0.602,0.922,0,1,1,82.6,3.1,3.3
661,1888,774,0.36,0.601,0.946,0,1,1,83.0,4.3,3.2
663,1725,733,-3.05,0.607,0.931,0,1,1,81.6,3.4,3.3
664,1863,709,-0.43,0.586,0.926,0,1,1,80.9,4.4,2.4
666,1782,661,-0.09,0.576,0.933,0,1,1,80.9,3.2,3.4
667,1757,734,0.36,0.635,0.925,0,1,1,84.1,4.3,3.2
671,1794,705,0.57,0.625,0.938,0,1,1,84.8,3.1,2.2
672,1931,750,0.94,0.611,0.956,0,1,1,85.2,4.3,3.2
673,1745,751,-1.28,0.598,0.945,0,1,1,82.3,3.4,3.2
674,1668,692,-0.41,0.58,0.946,0,1,1,87.7,3.4,3.2
675,1892,811,-1.8,0.638,0.966,0,1,1,87.1,3.1,3.3
676,1658,737,2.18,0.557,0.9,0,1,1,81.8,2.3,3.6
677,1480,719,1.48,0.595,0.927,0,1,1,85.2,3.4,2.3
680,1682,694,0.35,0.569,0.929,0,1,1,82.3,4.7,2.3
681,1644,660,-0.7,0.583,0.952,0,1,1,80.2,3.2,3.4
682,1828,725,-2.38,0.577,0.916,0,1,1,82.0,3.1,3.4
683,1513,739,-4.07,0.613,0.943,0,1,1,81.9,4.6,3.2
684,1877,719,10.23,0.591,0.926,0,1,1,87.5,0.9,-0.2
685,1882,732,11.28,0.573,0.926,0,1,1,86.8,0.9,0.0
686,1790,702,1.69,0.517,0.863,0,1,1,87.9,0.9,-0.1
688,1777,750,5.07,0.574,0.923,0,3,1,87.8,0.9,-0.2
689,1641,795,-5.6,0.617,0.916,0,2,1,86.6,0.4,1.0
693,1709,733,7.52,0.602,0.949,0,1,1,84.7,0.8,1.0
694,1598,723,1.48,0.603,0.952,0,1,1,86.2,0.0,0.0
695,1772,698,-2.03,0.574,0.928,0,1,1,85.9,0.4,1.0
696,1690,758,6.8,0.606,0.964,0,2,1,85.4,0.8,2.0
699,1648,710,5.36,0.586,0.929,0,3,1,83.3,0.0,1.1
700,1788,651,5.02,0.598,0.932,0,2,1,84.0,1.2,1.0
704,1816,654,4.22,0.547,0.926,0,1,1,85.8,0.9,1.0
705,1743,672,7.34,0.561,0.919,0,1,1,85.4,0.9,1.0
706,1759,950,-2.18,0.628,0.967,0,1,1,76.5,0.8,2.3
707,1600,643,10.78,0.602,0.934,0,4,1,83.6,0.9,2.0
708,1799,694,10.46,0.584,0.915,0,1,1,84.7,0.8,1.0
710,1974,643,2.56,0.595,0.929,0,1,1,71.3,1.2,3.7
711,2020,722,0.63,0.603,0.941,0,1,1,69.8,0.9,5.9
713,1974,706,-0.47,0.548,0.873,0,3,1,72.7,1.2,2.0
715,1998,631,-0.55,0.528,0.842,0,1,1,78.9,0.4,1.0
716,1797,614,7.08,0.549,0.875,0,1,1,74.0,-0.2,3.9
717,1566,589,1.03,0.564,0.908,0,1,1,84.3,0.8,1.0
718,1617,749,7.78,0.58,0.918,0,1,1,81.2,0.4,1.1
719,1812,745,4.87,0.542,0.905,0,1,1,85.5,0.4,0.0
720,2005,726,0.41,0.604,0.937,0,1,1,79.2,-1.4,4.0
722,1724,807,1.96,0.53,0.857,0,1,1,79.5,0.4,1.1
726,1830,723,-2.11,0.532,0.876,0,1,1,76.9,0.9,1.1
728,1883,723,2.65,0.568,0.935,0,1,1,84.3,0.8,0.0
729,1913,712,5.09,0.608,0.935,0,2,1,82.6,1.2,1.0
731,1884,698,-2.31,0.573,0.918,0,1,1,85.4,0.4,1.1
732,1900,721,2.9,0.554,0.879,0,1,1,82.2,0.4,1.0
733,1959,867,2.41,0.552,0.909,0,1,1,78.7,0.4,0.3
735,1613,696,-1.46,0.654,0.964,0,1,1,85.5,0.0,1.1
738,1887,757,1.81,0.53,0.896,0,2,1,75.8,1.3,0.0
741,1537,668,3.13,0.562,0.928,0,1,1,82.3,0.4,1.1
742,2005,840,6.61,0.575,0.883,0,1,1,78.2,0.9,1.0
744,1567,686,-0.19,0.536,0.896,0,1,1,84.7,0.9,1.0
745,1584,680,2.87,0.647,0.949,0,1,1,85.7,0.8,1.1
746,1893,910,-1.05,0.591,0.909,0,1,1,77.6,0.9,1.1
747,1692,676,2.74,0.571,0.909,0,1,1,85.9,0.4,1.0
749,1660,693,1.13,0.538,0.89,0,2,1,77.5,0.9,2.0
750,1701,692,0.1,0.605,0.95,0,1,1,85.1,0.9,1.0
751,1775,606,3.65,0.55,0.881,0,6,1,74.3,1.2,1.0
752,1682,668,6.91,0.559,0.9,0,1,1,86.2,0.0,1.1
753,1780,739,5.21,0.6,0.94,0,1,1,86.5,0.0,1.1
757,1828,582,-4.35,0.613,0.918,0,1,1,86.1,0.8,1.0
758,1727,730,-0.55,0.595,0.931,0,2,1,83.7,1.2,0.0
759,1721,728,-1.58,0.597,0.932,0,1,1,84.4,1.2,0.0
760,1916,744,1.9,0.47,0.818,0,1,1,77.6,0.4,1.1
761,1778,609,-1.5,0.527,0.844,0,2,1,86.6,0.9,-0.2
762,1909,686,2.04,0.593,0.929,0,1,1,86.9,0.9,1.0
763,1739,597,-1.23,0.594,0.892,0,1,1,86.5,0.4,1.0
764,1840,739,3.79,0.479,0.806,0,1,1,80.2,0.9,1.1
765,1760,583,6.85,0.474,0.821,0,1,1,85.8,0.9,1.0
766,1651,583,7.5,0.55,0.855,0,2,1,86.9,0.4,1.0
767,1556,563,-0.36,0.573,0.818,0,1,1,86.2,0.0,0.0
768,1853,700,4.29,0.544,0.884,0,1,1,87.6,0.9,0.0
772,1798,784,-2.84,0.621,0.965,0,2,1,85.1,0.9,-0.2
774,1937,774,-0.05,0.575,0.892,0,1,1,87.6,0.9,-0.2
775,1748,729,0.9,0.554,0.904,0,1,1,86.9,0.0,1.0
776,1924,668,4.16,0.534,0.849,0,2,1,87.0,0.9,1.0
777,1892,702,5.69,0.599,0.909,0,1,1,87.6,0.9,0.0
778,1746,835,0.64,0.598,0.918,0,1,1,86.9,0.9,0.0
780,1888,597,-3.88,0.534,0.835,0,1,1,87.0,0.9,0.0
781,1906,578,-2.75,0.563,0.814,0,1,1,87.0,0.0,0.0
782,1882,715,4.44,0.562,0.904,0,1,1,87.0,0.0,1.0
783,1854,636,-5.99,0.585,0.896,0,1,1,85.8,0.9,-0.2
784,1861,665,6.15,0.571,0.916,0,2,1,85.5,0.4,-0.2
785,1866,702,-4.58,0.591,0.935,0,1,1,76.2,0.9,1.0
786,1894,708,-3.26,0.564,0.889,0,1,1,84.1,0.4,1.0
790,1849,708,-0.59,0.635,0.927,0,2,1,87.7,0.9,0.0
791,1744,666,3.74,0.552,0.879,0,2,1,87.2,0.9,-0.2
793,1883,741,2.28,0.547,0.899,0,1,1,87.0,0.0,1.1
794,1802,679,4.13,0.627,0.914,0,1,1,77.3,0.4,0.0
796,1795,740,-4.79,0.527,0.87,0,1,1,77.9,0.9,-0.2
797,1549,844,-0.65,0.617,0.931,0,7,1,87.3,0.0,0.0
799,1818,630,0.71,0.602,0.932,0,1,1,86.2,0.4,1.0
800,1540,711,4.03,0.659,0.904,0,1,1,86.2,0.0,1.0
802,2029,624,2.62,0.587,0.921,0,1,1,87.1,0.9,-0.2
806,1675,684,2.08,0.596,0.939,0,1,1,86.5,0.0,1.1
808,1809,723,0.27,0.58,0.942,0,1,1,84.5,0.4,0.0
809,1871,693,1.03,0.507,0.802,0,2,1,82.7,0.4,1.1
810,1556,675,1.86,0.638,0.963,0,1,1,87.3,0.4,-1.0
812,1689,713,0.04,0.603,0.933,0,2,1,84.1,0.4,1.1
813,1693,646,-1.94,0.547,0.909,0,2,1,81.9,4.3,3.2
814,1820,930,-1.97,0.582,0.942,0,3,1,82.3,0.4,1.1
815,1508,685,1.84,0.588,0.948,0,1,1,85.6,0.4,-0.2
816,1862,669,-0.31,0.605,0.947,0,1,1,86.4,0.9,-1.0
817,1837,714,7.1,0.631,0.947,0,1,1,84.4,1.2,-0.2
820,2027,743,6.48,0.638,0.948,0,1,1,86.5,0.9,1.0
821,1643,740,8.45,0.592,0.92,0,1,1,85.4,1.2,1.0
822,1709,712,2.58,0.591,0.927,0,1,1,84.3,0.9,0.0
823,2042,829,-12.23,0.574,0.933,0,1,1,85.2,0.4,0.0
825,1923,766,1.8,0.652,0.943,0,1,1,83.6,1.2,0.0
826,1816,718,5.77,0.561,0.903,0,1,1,86.1,0.8,1.0
828,1813,752,0.87,0.64,0.957,0,1,1,82.9,1.2,1.0
830,1657,672,3.31,0.586,0.945,0,1,1,87.3,0.4,-1.0
831,1512,618,-0.44,0.61,0.962,0,1,1,89.0,0.4,-1.0
832,1950,826,3.68,0.55,0.84,0,1,1,87.8,0.4,0.0
835,1918,718,5.68,0.563,0.863,0,2,1,82.9,0.9,1.0
836,1911,749,5.31,0.565,0.922,0,2,1,86.2,0.0,1.0
838,1821,669,-1.07,0.632,0.882,0,1,1,84.5,0.8,1.0
840,1702,746,-0.69,0.628,0.956,0,1,1,85.0,0.9,1.0
841,1614,639,-3.49,0.638,0.959,0,1,1,80.5,3.3,3.4
842,1870,790,7.55,0.565,0.895,0,1,1,87.2,0.8,1.9
843,1747,736,-0.89,0.655,0.978,0,1,1,84.8,0.4,1.0
844,1904,808,-0.1,0.579,0.919,0,1,1,85.7,0.9,1.0
848,1785,666,-2.51,0.591,0.931,0,1,1,85.2,0.4,1.0
849,1760,602,0.04,0.602,0.895,0,2,1,86.6,0.0,0.0
851,1567,813,0.7,0.617,0.956,0,1,1,87.8,0.4,0.0
852,1999,765,2.27,0.587,0.938,0,1,1,87.7,0.9,0.0
853,1906,655,1.3,0.542,0.867,0,1,1,87.2,0.9,1.0
854,1865,766,-0.98,0.613,0.92,0,2,1,88.0,0.0,0.0
855,1692,731,-6.54,0.596,0.923,0,1,1,86.9,0.0,0.0
856,1563,639,-0.46,0.589,0.922,0,2,1,88.0,0.9,0.0
857,1872,737,-11.0,0.559,0.889,0,10,1,86.5,0.0,1.0
858,1851,808,1.54,0.585,0.913,0,1,1,83.4,0.4,-0.2
859,1903,816,0.42,0.546,0.849,0,3,1,80.5,0.9,0.0
860,1809,767,-5.11,0.484,0.834,0,4,1,85.3,0.9,0.0
861,1611,714,0.9,0.584,0.86,0,1,1,85.1,0.9,1.0
863,1901,805,-2.84,0.56,0.923,0,2,1,87.8,0.9,1.0
864,1876,708,9.42,0.634,0.899,0,2,1,87.8,0.9,0.0
865,1958,710,8.04,0.595,0.894,0,1,1,85.7,0.9,0.0
866,1871,802,-0.49,0.609,0.962,0,1,1,87.2,0.9,1.0
867,1726,645,1.04,0.584,0.88,0,1,1,85.9,0.0,1.1
868,2035,755,6.85,0.584,0.856,0,2,1,83.9,0.9,-0.2
869,1757,716,3.11,0.583,0.9,0,2,1,87.2,0.9,0.0
870,1924,762,3.27,0.535,0.898,0,2,1,87.2,0.9,-0.2
871,1816,607,0.84,0.569,0.871,0,2,1,87.1,0.9,1.0
874,1824,743,-5.25,0.547,0.89,0,1,1,87.6,0.9,1.0
876,1756,629,-3.15,0.545,0.876,0,1,1,86.6,0.0,1.0
878,1814,738,-2.65,0.539,0.897,0,1,1,83.6,0.0,1.1
879,1613,804,4.45,0.61,0.957,0,2,1,87.5,0.9,1.0
881,1832,680,5.46,0.634,0.95,0,2,1,87.3,0.0,1.1
883,1923,784,0.49,0.554,0.905,0,2,1,83.8,0.4,0.0
885,1894,755,2.7,0.545,0.903,0,2,1,84.3,0.4,-1.0
886,1782,683,-8.68,0.577,0.929,0,1,1,82.5,1.2,1.0
888,1851,718,-6.77,0.603,0.923,0,2,1,87.6,0.9,0.0
889,1902,719,0.22,0.602,0.936,0,1,1,84.7,0.8,0.0
890,1816,774,-1.98,0.565,0.947,0,1,1,83.0,0.4,0.0
891,1890,579,-7.21,0.567,0.863,0,1,1,85.7,0.8,1.0
892,2001,604,-4.61,0.538,0.865,0,1,1,85.0,0.9,1.0
893,1842,643,-2.51,0.554,0.865,0,3,1,86.1,0.9,-0.2
894,1665,636,8.9,0.631,0.883,0,1,1,84.1,1.2,1.0
895,1702,682,-4.96,0.61,0.916,0,1,1,85.0,0.4,1.0
896,1558,664,2.83,0.677,0.966,0,1,1,86.5,0.0,1.1
897,1566,587,-1.78,0.514,0.884,0,1,1,83.8,3.0,3.2
898,1836,677,-0.09,0.636,0.93,0,2,1,86.1,0.9,-0.2
900,1826,668,-5.85,0.521,0.892,0,1,1,85.8,0.9,-0.2
903,1957,566,2.11,0.497,0.752,0,1,1,87.0,0.0,0.0
904,1780,682,3.13,0.605,0.943,0,1,1,87.2,0.9,-0.2
905,1702,711,-4.36,0.563,0.942,0,1,1,87.3,0.4,1.0
909,1851,731,-3.03,0.609,0.93,0,1,1,86.5,0.9,0.0
912,2005,718,7.9,0.581,0.882,0,1,1,84.5,0.4,-1.0
913,1731,702,3.27,0.567,0.896,0,1,1,84.0,1.2,-0.2
914,1925,674,0.72,0.526,0.883,0,1,1,85.2,0.9,-0.2
915,1823,679,0.6,0.522,0.891,0,2,1,86.2,1.2,0.0
917,1796,659,-1.28,0.563,0.911,0,1,1,86.5,0.8,1.0
918,1946,794,-3.91,0.654,0.966,0,1,1,83.6,0.4,1.0
919,1878,697,-2.51,0.577,0.918,0,1,1,84.3,1.2,1.0
920,1908,699,-1.78,0.505,0.857,0,2,1,86.9,0.9,0.0
921,1697,882,-7.71,0.634,0.954,0,1,1,88.2,0.8,1.9
923,1775,752,4.58,0.543,0.908,0,1,1,86.9,0.9,0.0
925,1813,796,3.0,0.563,0.91,0,1,1,80.5,0.7,1.0
927,1999,753,-8.1,0.507,0.856,0,2,1,86.4,0.9,-0.2
928,1720,764,3.24,0.651,0.953,0,2,1,87.6,0.9,0.0
931,1932,814,0.34,0.559,0.908,0,2,1,84.7,0.9,-0.2
934,1696,656,-0.78,0.581,0.945,0,1,1,72.2,-0.2,3.9
935,1696,621,-0.1,0.584,0.94,0,1,1,73.7,-0.2,3.9
936,1795,612,-2.37,0.566,0.926,0,1,1,76.3,3.0,5.8
937,1431,623,2.14,0.646,0.949,0,1,1,80.9,3.5,3.3
938,1612,689,1.28,0.592,0.936,0,1,1,82.7,3.1,3.4
939,1841,725,-0.46,0.601,0.941,0,1,1,87.7,3.1,3.3
940,1669,728,-0.3,0.597,0.944,0,1,1,84.5,3.1,3.3
941,1680,674,0.68,0.632,0.956,0,1,1,78.4,2.0,5.8
942,1594,645,-0.31,0.597,0.952,0,1,1,81.3,3.2,3.4
943,1754,707,0.42,0.594,0.947,0,1,1,81.0,1.9,5.7
944,1537,583,0.2,0.613,0.956,0,1,1,80.5,3.1,3.4
945,1761,662,-0.15,0.569,0.926,0,1,1,77.7,3.1,3.4
946,1657,592,-0.29,0.569,0.949,0,1,1,80.2,3.0,3.5
947,1643,647,-0.32,0.576,0.932,0,1,1,79.9,3.2,3.3
948,1593,612,1.79,0.546,0.903,0,1,1,79.9,3.1,3.4
949,1618,640,-0.2,0.603,0.955,0,1,1,81.3,3.1,3.4
950,1584,537,-0.57,0.549,0.934,0,1,1,68.3,-1.4,6.3
951,1462,699,3.33,0.6,0.942,0,1,1,69.8,-1.3,6.3
952,1638,616,-1.47,0.589,0.942,0,1,1,70.8,-0.2,4.0
953,1572,743,-1.7,0.616,0.96,0,1,1,71.6,-1.4,6.4
954,1662,721,1.81,0.621,0.942,0,1,1,74.4,-0.2,3.9
955,1826,653,0.23,0.528,0.903,0,1,1,74.2,-1.4,6.1
956,1524,623,0.42,0.615,0.946,0,1,1,74.4,-1.4,5.6
957,1713,669,1.56,0.557,0.924,0,1,1,74.2,-0.5,6.2
959,1709,668,-0.94,0.603,0.95,0,2,1,73.7,-0.2,3.9
960,1675,734,0.65,0.58,0.925,0,1,1,75.1,-0.2,3.9
961,1720,617,-0.73,0.539,0.889,0,1,1,74.4,-0.2,3.9
962,1698,604,-0.82,0.549,0.902,0,1,1,72.9,-0.2,3.9
963,1737,698,0.26,0.618,0.924,0,1,1,74.8,-0.2,3.9
967,1593,676,-2.28,0.588,0.939,0,1,1,74.9,-1.4,6.3
968,1742,682,1.0,0.62,0.941,0,1,1,74.9,-0.2,4.0
969,1689,656,0.31,0.574,0.921,0,1,1,74.2,-0.2,4.0
970,1729,621,1.02,0.553,0.911,0,1,1,74.8,-1.4,6.1
971,1537,717,0.5,0.622,0.952,0,1,1,78.3,3.1,3.4
972,1745,708,4.39,0.618,0.938,0,1,1,74.9,-1.4,6.2
973,1769,746,1.68,0.548,0.902,0,1,1,74.4,-0.2,3.9
975,1716,651,-0.02,0.576,0.939,0,1,1,82.8,3.0,3.4
977,1605,639,1.22,0.58,0.94,0,1,1,79.8,2.0,5.8
978,1654,647,1.74,0.582,0.941,0,1,1,78.2,3.1,5.5
982,1719,725,-0.35,0.589,0.953,0,1,1,85.2,3.0,3.5
983,1664,690,0.25,0.591,0.93,0,1,1,91.9,-0.5,3.8
985,1592,728,-0.45,0.638,0.958,0,1,1,71.3,-1.4,6.2
987,1875,742,-0.65,0.579,0.93,0,1,1,74.2,-0.2,3.9
988,1682,695,-0.86,0.618,0.931,0,1,1,74.2,-0.2,4.0
991,1684,611,3.88,0.553,0.874,0,1,1,72.7,-0.2,4.0
992,1624,737,0.29,0.565,0.921,0,1,1,87.7,-0.5,5.9
994,1801,662,1.32,0.598,0.929,0,1,1,74.8,-0.2,3.9
995,1663,715,2.52,0.593,0.938,0,1,1,73.7,-0.2,3.9
997,1688,636,1.39,0.595,0.932,0,1,1,69.4,3.3,2.2
998,1787,649,-0.21,0.56,0.92,0,1,1,60.6,3.7,1.8
999,1581,648,-0.38,0.576,0.886,0,1,1,73.2,3.4,2.2
1000,1828,768,1.78,0.589,0.918,0,1,1,71.6,3.5,1.8
1001,1976,814,-0.41,0.571,0.913,0,1,1,72.5,3.4,1.8
1005,1946,691,-0.39,0.577,0.911,0,1,1,74.0,3.6,1.7
1006,1842,759,1.65,0.616,0.92,0,1,1,71.9,3.4,1.9
1008,1825,831,-1.25,0.604,0.942,0,1,1,74.2,3.4,1.8
1009,1893,659,2.33,0.515,0.848,0,5,1,82.1,0.4,0.0
1011,1935,818,2.26,0.641,0.978,0,1,1,72.4,3.7,1.7
1012,1853,622,2.75,0.589,0.896,0,1,1,75.5,3.4,1.8
1015,1909,685,0.75,0.593,0.917,0,1,1,67.9,3.7,1.7
1016,1675,685,0.15,0.647,0.956,0,1,1,64.7,3.7,1.8
1017,1927,699,-2.96,0.547,0.912,0,1,1,62.7,3.7,1.7
1019,1922,644,0.79,0.547,0.894,0,1,1,69.2,3.7,1.6
1020,1938,603,-2.21,0.502,0.822,0,1,1,70.2,3.7,1.7
1021,1866,587,3.99,0.561,0.869,0,1,1,59.1,3.8,1.9
1022,1693,646,-1.94,0.547,0.909,0,2,1,81.9,4.3,3.2
1024,1776,734,-1.47,0.634,0.955,0,1,1,72.7,3.6,1.6
1025,1737,833,0.74,0.661,0.981,0,1,1,72.2,3.5,1.8
1026,1893,623,3.99,0.579,0.922,0,1,1,69.6,3.7,1.7
1027,1894,718,6.88,0.519,0.898,0,2,1,79.3,0.9,2.6
1028,1665,693,1.4,0.562,0.912,0,1,1,78.2,3.3,1.7
1029,1797,721,-0.49,0.604,0.909,0,1,1,72.0,3.5,1.8
1030,1938,699,-1.37,0.593,0.933,0,1,1,69.1,3.9,1.7
1031,1739,721,-0.64,0.592,0.951,0,1,1,73.3,3.5,1.8
1032,1941,570,-3.51,0.53,0.879,0,1,1,67.5,3.7,1.7
1033,1775,861,1.28,0.642,0.952,0,1,1,75.8,3.4,1.8
1034,1955,741,1.21,0.579,0.863,0,2,1,82.7,0.9,1.0
1035,1896,569,-2.57,0.543,0.785,0,1,1,69.8,3.8,1.5
1036,1863,811,4.64,0.545,0.91,0,2,1,82.8,0.9,0.0
1037,1826,746,1.42,0.444,0.766,0,1,1,58.7,3.8,1.8
1038,1954,634,-6.77,0.523,0.833,0,1,1,68.4,3.7,1.7
1039,1887,673,3.87,0.574,0.934,0,1,1,64.8,3.8,0.8
1040,2026,683,-1.45,0.591,0.932,0,1,1,71.9,3.7,0.8
1042,1870,750,0.15,0.597,0.926,0,1,1,76.2,3.4,1.9
1044,1741,585,-0.3,0.516,0.882,0,1,1,73.7,3.4,1.8
1045,2028,923,-1.11,0.602,0.948,0,1,1,78.4,3.3,2.2
1046,1826,835,1.77,0.599,0.957,0,2,1,79.7,0.7,1.1
1050,1922,621,-4.12,0.577,0.903,0,1,1,60.6,4.1,1.7
1051,1909,771,-2.77,0.6,0.949,0,2,1,67.0,3.6,1.8
1053,1903,885,0.97,0.526,0.908,0,3,1,80.1,0.4,0.0
1054,1929,724,-0.34,0.584,0.935,0,1,1,59.7,3.9,1.5
1055,1988,792,-2.31,0.622,0.93,0,1,1,63.8,3.7,1.8
1056,1891,644,-1.17,0.59,0.926,0,1,1,61.3,3.8,1.7
1057,1877,746,-1.45,0.614,0.922,0,1,1,66.2,3.7,1.8
1058,1980,709,-0.66,0.595,0.936,0,1,1,66.4,3.8,1.7
1059,1891,702,2.25,0.619,0.921,0,1,1,66.9,3.8,0.9
1060,1793,653,-1.84,0.576,0.93,0,1,1,63.5,3.8,1.7
1062,1881,710,3.86,0.576,0.928,0,1,1,67.0,3.8,1.6
1064,1954,438,-3.85,0.549,0.807,0,3,1,60.0,3.8,1.7
1066,1893,551,-2.61,0.55,0.857,0,1,1,60.0,4.1,1.7
1067,1892,792,-0.28,0.597,0.92,0,1,1,61.5,3.8,1.7
1068,1951,834,-2.31,0.599,0.94,0,1,1,70.3,4.0,1.6
1070,1852,740,1.59,0.576,0.92,0,1,1,60.2,3.4,0.8
1072,1885,690,-3.02,0.556,0.885,0,1,1,60.3,3.8,1.7
1075,1837,560,-1.99,0.463,0.793,0,3,1,58.6,4.1,1.7
1077,1799,670,0.49,0.626,0.915,0,1,1,62.5,3.8,1.7
1079,1764,660,-4.61,0.636,0.958,0,1,1,67.2,3.8,1.7
1080,2003,845,-2.4,0.511,0.864,0,5,1,81.6,0.4,-0.2
1081,1716,700,-3.07,0.579,0.923,0,1,1,59.8,3.8,1.8
1082,1899,502,-2.78,0.498,0.86,0,1,1,58.0,4.2,1.5
1083,1922,792,-0.3,0.555,0.918,0,3,1,60.8,3.8,1.7
1084,1946,768,0.4,0.639,0.948,0,1,1,70.6,3.5,1.8
1085,1900,799,4.86,0.516,0.877,0,4,1,85.9,0.0,0.0
1086,1895,679,-1.96,0.569,0.919,0,1,1,61.3,3.8,1.7
1087,1764,687,-2.08,0.572,0.897,0,2,1,64.4,3.8,1.8
1088,1970,695,1.92,0.539,0.886,0,1,1,68.8,3.7,1.8
1089,1880,775,0.16,0.619,0.957,0,1,1,67.7,3.5,1.8
1090,1878,645,-5.93,0.522,0.848,0,1,1,65.5,3.9,1.7
1091,1895,614,-1.08,0.452,0.821,0,1,1,72.9,-1.4,4.1
1094,1910,946,-4.78,0.561,0.904,0,1,1,81.4,0.4,-0.2
1095,1906,709,2.48,0.645,0.934,0,1,1,68.5,3.9,1.8
1097,1786,647,-3.77,0.573,0.903,0,2,1,58.7,4.1,1.5
1098,1849,661,-1.76,0.566,0.87,0,1,1,64.5,3.8,0.8
1100,1857,644,-8.81,0.604,0.917,0,3,1,68.0,3.7,1.7
1102,1866,594,-0.42,0.577,0.861,0,1,1,80.0,1.5,5.6
1103,1812,756,-1.6,0.622,0.945,0,5,1,80.7,0.9,5.6
1105,1925,724,2.86,0.612,0.948,0,1,1,64.1,3.8,0.8
1106,1896,655,-0.41,0.574,0.912,0,1,1,68.9,3.8,0.9
1107,1856,617,-1.71,0.582,0.884,0,1,1,62.6,4.1,0.9
1108,1777,657,-2.9,0.599,0.888,0,3,1,64.4,3.8,1.8
1109,1928,764,-3.08,0.559,0.883,0,1,1,72.3,3.7,1.7
1111,1697,654,0.17,0.56,0.887,0,1,1,88.1,-1.4,3.9
1112,1900,623,-4.83,0.552,0.836,0,1,1,86.6,0.4,0.0
1115,1801,712,-1.96,0.59,0.923,0,1,1,59.2,3.4,0.8
1116,1870,740,2.18,0.615,0.933,0,2,1,64.2,4.0,0.8
1117,1861,731,-2.47,0.595,0.915,0,1,1,66.8,3.8,0.8
1118,1749,647,-4.37,0.604,0.927,0,1,1,63.1,4.1,0.9
1119,1891,771,4.43,0.605,0.914,0,1,1,65.2,3.9,1.8
1120,1788,742,1.91,0.604,0.921,0,1,1,70.5,3.7,1.8
1121,1917,682,-2.17,0.597,0.935,0,2,1,67.0,3.7,1.8
1123,1899,710,0.14,0.523,0.905,0,2,1,67.7,3.7,1.8
1125,1716,621,2.3,0.546,0.893,0,1,1,63.8,3.8,0.9
1127,1793,614,-2.09,0.542,0.891,0,1,1,55.0,3.6,2.0
1128,1832,678,1.27,0.543,0.909,0,1,1,63.1,3.8,1.7
1129,1889,762,2.88,0.584,0.928,0,1,1,68.0,3.8,1.8
1130,1868,816,-2.14,0.608,0.937,0,2,1,61.6,3.9,1.7
1131,1646,725,-0.88,0.628,0.934,0,1,1,66.2,3.7,1.6
1132,1739,628,0.45,0.528,0.843,0,1,1,67.7,3.8,1.6
1133,1829,661,-1.61,0.605,0.943,0,3,1,67.0,4.1,1.5
1136,1816,684,-0.4,0.548,0.896,0,1,1,52.8,3.6,1.8
1137,1952,845,-0.88,0.562,0.898,0,1,1,61.0,3.8,1.7
1138,1833,738,-3.37,0.602,0.946,0,1,1,58.1,3.8,1.7
1139,1896,692,-1.26,0.571,0.914,0,1,1,56.0,3.8,1.7
1141,1914,737,-1.6,0.542,0.859,0,1,1,56.4,3.6,1.8
1143,1887,837,-1.03,0.6,0.928,0,1,1,63.5,3.7,1.9
1145,1897,688,-0.25,0.545,0.847,0,1,1,62.1,3.8,1.8
1147,1913,536,4.77,0.512,0.806,0,1,1,58.1,3.7,1.8
1149,1910,818,-2.49,0.582,0.922,0,1,1,56.6,3.8,1.5
1150,1788,772,-1.43,0.58,0.94,0,2,1,83.9,0.4,-0.2
1151,1705,748,-2.34,0.541,0.91,0,1,1,68.1,3.4,2.2
1153,1891,692,2.81,0.53,0.87,0,1,1,62.1,3.8,1.7
1154,1771,660,-1.99,0.569,0.856,0,1,1,58.1,3.7,1.7
1155,1876,649,-0.95,0.521,0.847,0,1,1,79.6,0.1,3.6
1157,1911,634,-3.24,0.573,0.866,0,1,1,66.5,3.7,1.8
1160,1745,616,1.41,0.53,0.842,0,1,1,68.5,3.7,1.8
1161,1723,586,-1.74,0.576,0.894,0,1,1,63.1,3.7,1.9
1162,1836,460,1.12,0.528,0.784,0,1,1,58.5,3.6,2.0
1163,1886,866,2.27,0.606,0.922,0,1,1,69.0,3.6,1.8
1164,1831,623,3.94,0.492,0.823,0,1,1,64.4,3.8,1.8
1165,1771,749,-7.68,0.546,0.912,0,1,1,63.2,3.7,1.8
1166,1814,807,-0.21,0.564,0.917,0,1,1,66.2,3.7,1.8
1167,2074,613,-4.77,0.514,0.748,0,1,1,64.8,3.7,1.8
1170,1941,618,-0.79,0.534,0.859,0,1,1,64.7,3.8,1.7
1172,1875,672,-1.67,0.554,0.907,0,1,1,69.4,3.6,1.8
1173,1860,739,-1.12,0.568,0.918,0,1,1,67.7,3.7,1.8
1174,1901,851,1.74,0.571,0.912,0,1,1,80.7,1.0,0.0
1175,1856,883,-2.36,0.585,0.935,0,1,1,68.9,3.7,1.6
1177,1835,814,-5.13,0.631,0.931,0,1,1,72.5,3.7,1.7
1178,1915,576,-1.51,0.57,0.844,0,1,1,59.5,3.8,1.7
1181,1815,625,0.19,0.537,0.9,0,1,1,58.2,3.8,0.9
1182,1942,514,-1.44,0.527,0.831,0,1,1,58.2,3.8,1.5
1184,1676,583,-1.87,0.554,0.901,0,1,1,57.7,3.8,1.6
1185,1822,595,-2.0,0.575,0.908,0,1,1,61.5,3.9,1.5
1186,1841,855,-0.52,0.582,0.926,0,1,1,68.7,3.8,0.8
1187,1840,566,-1.84,0.572,0.86,0,1,1,58.9,3.8,1.7
1188,1931,635,-3.37,0.575,0.906,0,1,1,62.9,3.8,1.7
1189,1949,756,-0.69,0.536,0.89,0,1,1,60.2,3.8,1.7
1190,1925,691,-1.59,0.563,0.911,0,1,1,62.9,3.8,1.8
1192,1866,716,-0.64,0.578,0.919,0,1,1,66.1,3.7,1.8
1193,1804,723,2.59,0.621,0.923,0,1,1,66.1,4.1,1.7
1194,1852,604,-1.41,0.558,0.894,0,1,1,59.5,3.8,0.9
1195,1727,595,0.56,0.556,0.89,0,1,1,59.9,3.8,1.6
1197,1823,637,-3.89,0.563,0.848,0,1,1,61.0,3.8,1.8
1198,1934,778,1.13,0.581,0.936,0,1,1,66.5,3.7,1.9
1200,1883,675,-1.13,0.601,0.887,0,1,1,66.2,3.7,1.9
1202,1960,622,1.35,0.557,0.885,0,1,1,59.0,3.8,1.9
1203,1914,850,-6.31,0.577,0.911,0,1,1,69.8,3.4,1.5
1204,1919,646,-3.12,0.59,0.921,0,1,1,61.6,3.8,1.5
1205,1982,690,-0.29,0.583,0.863,0,1,1,68.4,3.8,1.5
1209,1808,663,-2.24,0.559,0.917,0,1,1,62.4,3.6,1.8
1214,1890,681,1.37,0.514,0.853,0,1,1,61.4,3.7,1.8
1217,1890,737,-0.23,0.556,0.878,0,1,1,65.0,3.7,1.9
1218,2005,665,-5.89,0.507,0.829,0,1,1,64.0,3.7,2.0
1219,1686,603,-0.67,0.562,0.913,0,1,1,58.7,3.8,1.9
1221,1922,604,-1.12,0.47,0.772,0,1,1,59.1,3.8,1.8
1222,1852,611,-2.53,0.534,0.889,0,1,1,57.3,3.8,1.9
1223,1839,769,-0.27,0.57,0.938,0,1,1,62.4,3.8,1.6
1224,1971,503,-1.58,0.541,0.9,0,1,1,55.4,3.8,2.0
1226,1807,624,-1.02,0.524,0.86,0,1,1,62.5,3.5,1.7
1230,1812,685,-1.66,0.542,0.887,0,1,1,64.4,3.8,1.6
1232,1905,714,-6.88,0.53,0.886,0,1,1,86.5,1.2,-1.0
1233,1910,776,-3.66,0.607,0.94,0,1,1,85.0,1.2,-1.0
1234,1926,653,2.08,0.585,0.921,0,1,1,85.0,0.9,-0.2
1235,1692,739,-3.3,0.579,0.944,0,2,1,84.8,0.9,-0.2
1236,1870,685,-2.91,0.592,0.92,0,1,1,54.9,-1.7,-0.7
1237,1917,711,0.59,0.592,0.93,0,1,1,85.3,0.9,-0.2
1238,1723,698,-3.23,0.592,0.947,0,1,1,85.7,1.2,-1.0
1239,1728,749,-0.72,0.588,0.933,0,1,1,87.8,0.9,-0.2
1241,1730,762,-3.11,0.581,0.936,0,1,1,87.8,0.9,-0.2
1244,1821,831,-3.69,0.591,0.932,0,1,1,85.7,0.9,-0.2
1245,2062,896,8.05,0.554,0.864,0,2,1,82.1,0.9,0.0
1246,1991,624,-0.88,0.572,0.899,0,1,1,86.8,0.9,-0.2
1247,1970,678,-2.81,0.529,0.891,0,1,1,86.0,0.9,-0.2
1248,1977,700,4.1,0.55,0.882,0,2,1,84.1,0.0,1.0
1250,1613,840,-8.24,0.676,0.969,0,1,1,85.7,0.9,-0.2
1251,1856,769,-5.27,0.572,0.909,0,1,1,87.5,0.9,-0.2
1253,1791,718,-3.2,0.577,0.937,0,1,1,87.1,0.9,-0.2
1254,1752,642,2.49,0.584,0.938,0,1,1,86.9,0.9,-0.2
1255,1977,645,1.53,0.568,0.874,0,4,1,81.4,0.9,2.0
1257,1968,815,-0.51,0.613,0.932,0,1,1,84.3,0.9,-0.2
1258,1861,684,-4.67,0.564,0.883,0,1,1,86.4,0.9,-0.2
1259,1869,792,-1.53,0.604,0.941,0,1,1,87.1,0.9,-0.2
1260,1924,796,-5.08,0.612,0.935,0,1,1,87.1,0.9,-0.2
1261,1745,769,-4.28,0.639,0.981,0,1,1,85.9,0.9,-0.2
1263,1830,794,-5.38,0.588,0.931,0,1,1,85.3,0.9,-0.2
1264,1886,751,-0.46,0.55,0.918,0,1,1,86.8,0.9,-0.2
1267,1841,772,4.32,0.576,0.924,0,1,1,85.7,0.9,-0.2
1268,1723,667,0.06,0.6,0.907,0,1,1,86.4,0.9,-0.2
1269,1822,695,3.78,0.558,0.893,0,1,1,86.4,0.9,-0.2
1270,1855,801,10.89,0.55,0.897,0,1,1,83.7,0.9,-0.2
1271,1799,814,1.9,0.601,0.933,0,1,1,85.3,0.9,-0.2
1272,1991,734,2.95,0.549,0.894,0,1,1,85.0,0.9,-0.2
1273,1862,737,-1.33,0.598,0.932,0,1,1,86.0,0.9,-0.2
1274,1951,652,-0.74,0.55,0.916,0,1,1,87.0,0.9,-0.2
1275,1855,844,-1.31,0.615,0.968,0,1,1,85.3,0.9,-0.2
1277,1706,823,-1.41,0.592,0.929,0,1,1,87.7,0.9,-0.2
1278,1998,629,3.27,0.561,0.885,0,1,1,87.0,0.9,-0.2
1279,1937,758,-6.09,0.584,0.939,0,1,1,85.3,0.9,-0.2
1280,1970,746,-2.07,0.574,0.935,0,1,1,87.1,0.9,-0.2
1281,1786,674,0.7,0.521,0.877,0,1,1,88.2,0.9,-0.2
1283,1943,807,-0.33,0.559,0.902,0,1,1,84.6,0.9,-0.2
1285,2005,752,2.53,0.555,0.886,0,1,1,81.6,0.4,-1.0
1286,1956,694,0.16,0.619,0.949,0,1,1,85.0,0.9,-0.2
1287,1886,771,1.26,0.559,0.913,0,1,1,84.5,0.9,-0.2
1289,1799,667,-3.15,0.546,0.924,0,1,1,85.9,0.9,-0.2
1290,2005,836,2.84,0.589,0.921,0,1,1,80.9,0.4,-0.2
1291,1927,593,-2.98,0.586,0.872,0,1,1,87.5,0.9,-0.2
1292,1908,713,-0.72,0.613,0.917,0,1,1,85.7,0.9,-0.2
1293,1777,707,2.82,0.559,0.89,0,1,1,87.6,0.9,-0.2
1294,1739,730,-1.94,0.569,0.926,0,1,1,85.0,0.9,-0.2
1296,1762,694,-0.21,0.554,0.843,0,1,1,85.2,0.9,-0.2
1297,1796,686,4.09,0.611,0.933,0,1,1,87.3,0.0,0.0
1298,1881,750,-1.59,0.582,0.941,0,1,1,84.6,0.9,-0.2
1299,1925,779,0.9,0.556,0.919,0,1,1,85.3,0.9,-0.2
1300,1801,689,2.01,0.534,0.866,0,2,1,86.8,0.9,-0.2
1302,1823,851,3.27,0.587,0.938,0,1,1,83.9,0.9,-0.2
1305,1870,604,1.16,0.572,0.919,0,1,1,86.0,0.9,-0.2
1306,1845,631,3.93,0.55,0.862,0,1,1,87.1,0.9,-0.2
1307,1802,843,3.72,0.568,0.931,0,1,1,84.6,0.9,-0.2
1308,1685,666,-1.65,0.602,0.924,0,1,1,85.3,0.9,-0.2
1315,1818,615,4.78,0.587,0.928,0,1,1,86.0,0.9,-0.2
1317,1934,687,2.44,0.558,0.887,0,1,1,86.4,0.9,-0.2
1321,1727,675,2.22,0.6,0.937,0,1,1,86.4,0.9,-0.2
1322,1937,670,1.7,0.577,0.923,0,1,1,87.2,0.4,-1.0
1324,1854,728,4.47,0.582,0.929,0,1,1,87.1,0.9,-0.2
1325,1935,754,-2.58,0.587,0.913,0,1,1,86.4,0.9,-0.2
1326,1926,806,4.72,0.614,0.944,0,1,1,87.2,1.2,-1.2
1327,1752,800,-1.0,0.635,0.958,0,1,1,86.8,0.9,-0.2
1331,1883,747,-2.01,0.621,0.933,0,1,1,86.8,0.9,-0.2
1332,1767,781,-2.44,0.626,0.962,0,1,1,85.3,0.9,-0.2
1333,1772,719,-3.75,0.603,0.942,0,1,1,86.6,0.9,-0.2
1334,1978,817,-1.11,0.528,0.844,0,1,1,79.4,0.9,1.0
1335,1935,627,3.81,0.534,0.866,0,1,1,87.1,0.9,-0.2
1336,1848,692,-0.86,0.571,0.928,0,1,1,86.4,0.9,-0.2
1337,1714,710,3.52,0.584,0.928,0,1,1,86.8,0.9,-0.2
1339,1915,715,-1.8,0.564,0.919,0,1,1,87.8,0.9,-0.2
1341,1991,741,-1.12,0.548,0.894,0,1,1,87.0,0.9,-0.2
1344,1795,791,5.33,0.542,0.901,0,1,1,87.3,0.4,-0.2
1345,1941,737,-4.4,0.615,0.957,0,2,1,85.7,0.9,-0.2
1346,1869,742,-0.35,0.536,0.89,0,1,1,85.4,1.2,-1.2
1348,1904,853,1.13,0.583,0.917,0,1,1,82.5,0.7,0.0
1349,1788,798,2.87,0.634,0.911,0,2,1,84.4,0.0,0.0
1355,1937,943,-2.36,0.583,0.921,0,1,1,83.0,0.0,0.0
1356,1941,903,3.12,0.596,0.893,0,1,1,77.2,1.0,2.3
1358,1928,707,4.84,0.63,0.924,0,2,1,85.2,0.4,0.0
1359,1941,801,-1.33,0.556,0.902,0,1,1,86.8,0.9,0.0
1360,1876,678,3.64,0.494,0.841,0,1,1,84.4,0.9,0.0
1362,1884,746,3.61,0.618,0.931,0,2,1,85.7,0.9,0.0
1364,1791,668,-5.91,0.461,0.788,0,1,1,86.6,0.9,0.0
1366,1947,850,-2.71,0.537,0.878,0,3,1,86.0,0.9,0.0
1367,1898,767,3.2,0.524,0.882,0,2,1,82.7,0.9,0.0
1368,2011,860,1.77,0.519,0.855,0,3,1,86.8,0.9,0.0
1370,1892,943,0.74,0.575,0.933,0,2,1,86.8,0.9,0.0
1371,1852,829,-1.88,0.557,0.927,0,1,1,84.1,0.9,0.0
1374,1705,807,2.27,0.607,0.948,0,2,1,85.0,0.9,0.0
1375,1675,813,4.91,0.571,0.909,0,1,1,85.4,1.2,-0.2
1376,1945,824,5.07,0.563,0.904,0,1,1,85.7,0.9,0.0
1377,1925,752,2.52,0.577,0.937,0,1,1,75.4,1.2,1.8
1378,1912,771,7.46,0.54,0.917,0,1,1,77.4,1.2,1.1
1379,2024,662,6.4,0.534,0.909,0,2,1,79.5,0.9,1.0
1380,1935,868,4.49,0.543,0.879,0,1,1,76.1,1.2,1.1
1381,1914,694,1.51,0.614,0.932,0,1,1,74.7,1.2,1.1
1382,1876,915,1.8,0.608,0.9,0,1,1,80.0,0.9,0.0
1383,1955,838,-4.57,0.555,0.892,0,2,1,85.7,0.9,0.0
1385,2037,685,1.05,0.56,0.874,0,1,1,83.6,0.9,0.0
1386,1869,787,-0.31,0.509,0.842,0,2,1,80.3,0.9,0.2
1387,1866,564,2.6,0.54,0.866,0,2,1,81.6,0.4,0.0
1388,1882,644,-4.72,0.491,0.844,0,2,1,78.4,0.9,1.1
1389,1850,627,4.96,0.529,0.857,0,2,1,80.2,0.9,1.0
1390,1905,804,0.14,0.62,0.919,0,1,1,80.5,0.4,-0.2
1392,2018,659,-0.85,0.573,0.855,0,1,1,82.7,0.4,0.0
1393,1895,761,4.71,0.592,0.922,0,1,1,79.4,0.9,1.0
1394,1993,644,2.96,0.543,0.865,0,4,1,80.0,0.4,-1.0
1395,1910,785,1.17,0.585,0.926,0,1,1,77.9,0.9,1.0
1396,1973,681,3.9,0.561,0.908,0,1,1,84.7,0.9,1.0
1398,1897,771,-3.04,0.57,0.917,0,2,1,78.9,0.9,-0.2
1399,1860,748,4.54,0.542,0.909,0,2,1,76.6,0.9,1.0
1400,1923,846,0.76,0.513,0.868,0,1,1,83.6,0.9,0.0
1401,2027,837,-2.72,0.558,0.909,0,3,1,77.1,0.9,1.0
1402,2029,669,0.05,0.544,0.828,0,1,1,82.7,0.4,1.0
1403,1866,745,9.28,0.624,0.928,0,1,1,82.4,0.4,0.0
1404,1877,792,6.09,0.604,0.959,0,1,1,85.9,0.9,0.0
1405,1818,596,-1.18,0.518,0.804,0,1,1,88.3,0.4,0.0
1406,1966,655,1.28,0.528,0.858,0,1,1,81.1,0.9,0.0
1407,1852,831,-5.76,0.541,0.908,0,1,1,82.7,0.4,0.0
1408,1705,845,-2.14,0.627,0.924,0,2,1,81.1,0.9,0.0
1409,1819,731,-5.29,0.558,0.907,0,1,1,84.3,0.4,0.0
1410,1876,604,-1.29,0.45,0.825,0,1,1,83.4,0.4,1.0
1411,1823,650,-0.96,0.552,0.871,0,1,1,81.6,0.9,0.8
1412,1852,760,4.35,0.522,0.913,0,1,1,84.3,0.9,0.0
1415,1899,762,-1.69,0.519,0.89,0,2,1,78.4,0.9,1.0
1416,1877,757,0.76,0.548,0.875,0,3,1,83.2,0.9,0.0
1417,1912,660,-0.75,0.568,0.913,0,1,1,85.9,0.0,1.0
1420,1986,813,1.02,0.585,0.925,0,3,1,75.3,1.2,1.0
1424,1958,799,2.62,0.546,0.907,0,1,1,83.4,0.4,0.8
1425,1763,897,0.69,0.576,0.938,0,1,1,81.2,0.4,1.0
1426,1919,753,2.6,0.509,0.843,0,1,1,84.8,0.4,0.0
1427,2002,699,7.07,0.556,0.879,0,2,1,81.2,0.4,1.0
1429,1921,949,3.74,0.632,0.913,0,1,1,78.6,1.2,0.8
1430,1707,719,5.78,0.611,0.927,0,2,1,86.4,0.0,1.1
1431,1793,695,3.43,0.604,0.935,0,1,1,77.2,0.9,1.0
1432,1855,729,-0.91,0.544,0.914,0,1,1,76.7,1.2,1.0
1433,1724,863,3.51,0.576,0.902,0,6,1,75.4,0.9,1.0
1434,1819,763,-0.23,0.621,0.949,0,1,1,80.2,1.2,-0.2
1435,1844,707,0.68,0.529,0.802,0,6,1,77.2,0.9,1.0
1436,1899,838,3.17,0.528,0.893,0,3,1,83.0,0.9,0.8
1437,1823,748,-2.6,0.591,0.91,0,1,1,71.3,1.2,1.1
1439,1996,877,2.84,0.534,0.884,0,3,1,77.5,0.9,0.8
1440,1853,583,4.45,0.613,0.906,0,1,1,80.3,0.6,-0.2
1441,1877,681,-1.75,0.533,0.86,0,1,1,89.8,1.8,2.2
1442,1816,629,1.47,0.571,0.916,0,3,1,88.5,-1.4,3.9
1444,1968,839,0.42,0.548,0.911,0,1,1,86.0,-1.4,3.9
1445,1822,609,-1.44,0.554,0.901,0,1,1,83.9,2.3,3.2
1447,2054,673,-2.01,0.582,0.93,0,1,1,86.3,1.5,3.5
1448,1865,694,-0.14,0.531,0.896,0,1,1,87.4,-1.4,3.9
1449,1669,673,2.4,0.587,0.881,0,1,1,82.4,2.2,3.5
1450,1885,729,1.46,0.597,0.911,0,1,1,86.5,1.8,3.5
1451,2048,733,0.08,0.575,0.924,0,1,1,90.1,1.7,2.1
1452,1944,660,-0.25,0.567,0.898,0,1,1,80.2,-0.2,3.9
1453,2014,632,1.83,0.527,0.874,0,1,1,85.2,1.8,2.7
1454,2044,735,1.71,0.587,0.909,0,1,1,87.8,1.7,2.5
1455,1982,684,-2.25,0.55,0.92,0,1,1,87.7,1.8,2.7
1456,2045,695,-0.03,0.515,0.862,0,2,1,91.2,-1.4,3.8
1458,1859,485,-0.29,0.531,0.874,0,1,1,83.5,3.0,3.3
1459,2031,716,-0.74,0.588,0.903,0,1,1,86.3,2.0,2.5
1460,1785,609,-0.17,0.605,0.921,0,1,1,84.9,3.0,3.2
1461,2024,744,-0.57,0.573,0.92,0,1,1,83.9,2.3,2.6
1465,1906,767,-0.24,0.56,0.917,0,1,1,88.0,1.7,2.6
1466,1771,678,-0.08,0.603,0.941,0,1,1,86.7,-1.4,3.9
1467,1699,677,2.09,0.568,0.924,0,2,1,88.0,1.7,2.7
1468,1882,655,0.06,0.613,0.959,0,1,1,74.9,-1.4,4.0
1469,1840,697,-0.99,0.534,0.907,0,1,1,98.4,-0.5,2.5
1471,1835,690,-0.15,0.57,0.943,0,1,1,88.4,1.7,2.3
1472,1967,747,-1.64,0.588,0.924,0,1,1,79.5,-1.4,3.9
1473,1999,761,1.18,0.562,0.901,0,2,1,95.5,-1.4,3.8
1474,1829,665,-1.3,0.607,0.947,0,1,1,79.8,-1.4,4.5
1475,1865,780,0.91,0.539,0.884,0,1,1,92.0,1.7,2.2
1476,1845,704,-5.11,0.504,0.887,0,2,1,87.7,3.1,2.2
1477,1952,731,-5.24,0.569,0.937,0,1,1,78.4,-0.2,3.9
1478,1766,637,-0.21,0.521,0.874,0,1,1,88.5,-1.4,3.9
1479,2025,693,0.61,0.551,0.879,0,1,1,87.7,1.7,2.5
1480,1822,579,-1.32,0.607,0.925,0,1,1,77.4,-1.4,4.0
1482,1923,682,-0.49,0.526,0.868,0,2,1,75.9,-0.2,3.9
1486,1971,693,2.16,0.524,0.871,0,1,1,76.9,-0.2,4.0
1487,1854,619,-1.72,0.554,0.894,0,1,1,82.3,2.2,3.5
1488,1836,691,0.07,0.568,0.914,0,1,1,90.6,-1.4,3.9
1491,1891,600,-3.45,0.556,0.913,0,1,1,90.0,1.8,2.2
1492,1866,579,-1.35,0.553,0.868,0,1,1,74.8,-0.2,3.9
1495,1898,733,-0.01,0.617,0.96,0,1,1,79.9,-1.4,4.0
1496,1530,732,0.48,0.54,0.908,0,1,1,73.3,-0.2,3.9
1497,1766,686,1.06,0.554,0.924,0,1,1,90.1,1.8,1.7
1498,2003,729,2.71,0.567,0.912,0,1,1,86.7,1.8,2.4
1499,1984,718,-1.01,0.545,0.878,0,1,1,83.8,3.0,2.6
1503,1947,776,4.1,0.583,0.932,0,1,1,80.7,-0.2,3.9
1505,1912,734,-1.14,0.576,0.912,0,1,1,82.0,-1.4,4.0
1506,1857,699,-2.01,0.566,0.927,0,1,1,88.2,1.7,2.2
1507,1924,721,1.41,0.62,0.934,0,1,1,83.2,-1.4,3.9
1509,1950,703,0.53,0.563,0.887,0,1,1,86.0,1.7,2.8
1510,1884,644,-2.14,0.553,0.853,0,1,1,88.7,1.8,2.4
1512,1965,673,0.2,0.581,0.939,0,1,1,80.2,-0.2,3.9
1513,1774,742,-0.98,0.518,0.908,0,1,1,76.2,-0.2,3.9
1515,1975,731,0.05,0.49,0.845,0,1,1,76.7,-1.4,4.0
1517,1947,725,0.98,0.538,0.904,0,1,1,96.8,-0.2,3.7
1518,1871,735,-0.53,0.569,0.927,0,1,1,89.6,-1.4,3.9
1519,1899,696,-1.3,0.555,0.883,0,1,1,87.0,1.8,2.5
1520,1826,630,-1.74,0.551,0.927,0,1,1,86.3,1.8,3.4
1521,1913,697,1.15,0.558,0.91,0,1,1,87.1,1.5,3.5
1522,2055,729,-0.81,0.616,0.924,0,1,1,91.2,-0.2,3.8
1523,1925,801,-0.31,0.597,0.921,0,1,1,84.1,-0.2,3.8
1524,2021,743,-0.18,0.594,0.944,0,1,1,87.7,1.8,2.2
1525,1866,707,-1.02,0.604,0.94,0,1,1,79.6,-1.4,5.9
1526,1872,662,0.96,0.6,0.937,0,1,1,87.1,1.7,2.4
1527,1921,738,1.62,0.552,0.919,0,2,1,77.0,-1.4,4.0
1528,1875,639,-1.34,0.552,0.913,0,1,1,89.7,-1.4,3.9
1529,1889,625,-2.73,0.545,0.895,0,1,1,78.4,-0.2,3.9
1530,1927,641,-0.27,0.509,0.83,0,1,1,82.3,2.2,3.5
1533,1757,734,-0.43,0.546,0.924,0,2,1,87.3,3.1,2.4
1534,1957,702,-0.38,0.63,0.944,0,1,1,88.8,1.7,2.3
1535,1940,626,-1.6,0.549,0.904,0,1,1,85.9,1.8,3.6
1537,2047,773,1.67,0.568,0.896,0,1,1,92.2,-1.4,3.9
1538,1898,636,0.79,0.603,0.938,0,1,1,86.3,0.1,2.8
1539,1905,674,-0.44,0.583,0.947,0,1,1,93.6,-1.4,3.8
1543,1760,729,-1.6,0.577,0.944,0,1,1,89.2,1.7,1.7
1544,2054,774,0.19,0.629,0.937,0,1,1,82.1,-1.4,3.9
1546,2053,771,-0.69,0.589,0.933,0,1,1,92.0,-1.4,3.9
1549,2047,707,-0.01,0.589,0.936,0,1,1,95.1,-1.4,3.8
1550,1855,783,-0.63,0.592,0.936,0,1,1,96.3,-0.5,3.7
1551,1984,724,0.38,0.579,0.922,0,1,1,86.1,1.7,3.5
1552,1887,618,-1.56,0.553,0.881,0,1,1,89.1,-1.4,3.9
1553,1821,623,2.89,0.557,0.883,0,1,1,83.1,3.0,3.2
1554,1725,552,-0.77,0.472,0.811,0,2,1,82.0,3.0,3.2
1556,1875,637,-0.48,0.586,0.918,0,1,1,88.7,2.2,2.3
1557,2025,756,-0.58,0.526,0.858,0,2,1,78.0,-0.2,3.9
1558,1895,716,-0.77,0.597,0.946,0,1,1,80.9,-0.2,4.0
1559,1897,671,1.08,0.574,0.934,0,1,1,87.0,2.1,2.8
1560,1938,673,-1.11,0.549,0.896,0,1,1,93.1,-1.4,3.9
1561,1792,724,-1.7,0.601,0.951,0,1,1,90.5,1.8,2.0
1562,2027,764,-2.04,0.563,0.897,0,1,1,79.8,-0.2,3.9
1563,1771,628,-2.38,0.573,0.93,0,1,1,82.8,2.2,3.5
1564,1814,688,-3.09,0.576,0.931,0,1,1,88.0,1.8,2.5
1565,2008,773,1.7,0.586,0.941,0,1,1,84.7,-1.4,4.0
1567,2058,759,-0.9,0.566,0.883,0,1,1,79.1,-0.2,3.9
1571,1735,596,-2.05,0.564,0.93,0,1,1,87.1,-1.4,3.9
1572,1806,705,-0.9,0.548,0.906,0,1,1,84.2,-1.4,4.0
1573,1992,642,-0.99,0.531,0.874,0,1,1,85.2,2.8,3.3
1574,1717,744,-0.81,0.511,0.899,0,1,1,82.2,2.2,3.5
1575,1987,750,-0.01,0.607,0.906,0,1,1,79.9,-1.4,4.0
1576,1872,635,-0.03,0.544,0.877,0,1,1,88.1,1.8,2.8
1577,1962,650,0.83,0.558,0.919,0,1,1,75.9,-0.2,3.9
1579,1618,596,1.3,0.56,0.872,0,1,1,81.4,2.2,3.5
1581,1940,732,0.71,0.534,0.895,0,1,1,80.3,-1.4,4.0
1583,2000,756,1.5,0.564,0.91,0,1,1,80.9,-0.2,3.9
1585,1559,541,-1.83,0.511,0.842,0,1,1,83.9,-1.4,3.9
1586,1816,696,1.48,0.531,0.868,0,1,1,77.7,-0.2,3.9
1587,1662,513,-0.67,0.518,0.876,0,1,1,77.7,3.0,3.3
1588,2010,552,2.29,0.473,0.799,0,1,1,80.2,3.0,3.3
1589,1897,667,2.95,0.536,0.88,0,1,1,86.3,1.8,3.5
1595,2038,844,2.69,0.572,0.932,0,1,1,81.8,-1.4,4.0
1596,1996,784,0.08,0.528,0.886,0,1,1,93.0,1.8,2.1
1597,1518,607,-4.34,0.674,0.929,0,1,1,75.2,-1.4,4.0
1598,1743,585,-2.2,0.562,0.896,0,1,1,75.5,-0.2,3.9
1600,1962,654,1.26,0.495,0.835,0,1,1,83.0,3.0,3.3
1602,1789,684,1.19,0.6,0.938,0,1,1,82.8,3.0,3.3
1603,1673,639,1.84,0.563,0.918,0,1,1,75.2,-1.4,4.0
1604,1797,635,-1.71,0.547,0.917,0,1,1,75.5,-0.2,3.9
1605,1910,748,-0.47,0.556,0.905,0,1,1,79.2,-1.4,4.0
1606,1572,513,3.65,0.572,0.933,0,1,1,81.3,3.0,3.2
1607,1772,736,1.16,0.638,0.941,0,1,1,92.0,1.5,2.2
1608,1953,679,0.47,0.533,0.9,0,1,1,79.5,-0.2,3.9
1610,1890,751,2.46,0.531,0.894,0,1,1,71.4,-0.0,7.1
1611,2005,749,4.77,0.531,0.873,0,1,1,78.8,-0.2,3.9
1613,1770,634,1.06,0.517,0.859,0,1,1,72.9,-0.2,3.9
1614,1862,555,1.21,0.561,0.873,0,1,1,81.6,2.2,3.3
1615,1956,658,-1.79,0.559,0.884,0,1,1,57.4,-0.4,10.2
1616,1883,830,-0.03,0.567,0.93,0,1,1,89.8,-0.2,3.8
1619,1885,650,1.27,0.568,0.893,0,1,1,86.3,1.8,3.5
1620,2023,876,2.85,0.599,0.941,0,1,1,82.5,-1.4,4.0
1621,1817,691,1.34,0.612,0.931,0,1,1,77.0,-1.4,4.0
1622,1971,612,1.14,0.564,0.92,0,1,1,76.7,2.3,3.7
1623,1772,650,-0.99,0.521,0.889,0,1,1,72.2,-0.2,4.0
1625,1852,631,1.62,0.522,0.81,0,1,1,74.1,-1.4,4.0
1626,1688,710,0.18,0.587,0.945,0,1,1,76.0,-1.4,4.0
1627,1936,793,1.24,0.602,0.95,0,1,1,80.9,-1.4,4.0
1628,1719,620,-2.93,0.566,0.892,0,1,1,87.0,2.2,3.2
1629,1898,640,2.28,0.54,0.892,0,1,1,79.8,1.9,3.6
1630,1487,706,4.98,0.651,0.973,0,1,1,62.9,0.6,7.8
1632,2025,617,0.24,0.502,0.832,0,1,1,83.9,2.0,3.5
1633,1688,629,-0.28,0.566,0.93,0,1,1,83.4,2.3,3.5
1634,1883,672,-0.83,0.534,0.898,0,1,1,82.3,2.2,3.5
1637,1857,732,2.34,0.582,0.923,0,1,1,79.6,-1.4,4.0
1638,1803,503,0.43,0.521,0.863,0,1,1,74.7,3.0,3.5
1639,2030,696,1.67,0.556,0.883,0,1,1,84.5,2.2,3.5
1640,1902,710,0.29,0.532,0.895,0,1,1,76.2,-0.2,3.9
1641,1843,760,-1.63,0.505,0.837,0,1,1,78.5,-1.4,4.0
1642,1698,658,-0.83,0.574,0.907,0,1,1,74.9,-1.4,4.0
1643,1871,715,5.96,0.63,0.938,0,1,1,59.0,-0.8,10.6
1645,1858,777,1.26,0.555,0.916,0,2,1,81.0,2.2,3.7
1646,1826,660,-0.13,0.56,0.89,0,1,1,95.8,-1.4,3.7
1648,1842,696,3.19,0.569,0.924,0,1,1,77.0,-1.4,4.0
1649,1934,722,0.57,0.583,0.926,0,2,1,79.8,-0.2,3.9
1652,1769,578,-2.62,0.536,0.859,0,1,1,76.0,-1.4,4.0
1653,1804,549,1.93,0.489,0.834,0,1,1,77.0,3.0,3.3
1654,1854,592,-1.06,0.558,0.86,0,1,1,85.6,2.1,3.5
1656,1798,678,-1.07,0.539,0.872,0,1,1,76.3,-1.4,4.0
1659,1747,566,-0.06,0.595,0.92,0,1,1,73.0,-1.4,4.1
1660,1885,665,-2.0,0.547,0.901,0,1,1,87.7,-0.2,3.8
1661,1710,558,-1.78,0.54,0.908,0,1,1,78.4,2.2,3.7
1662,1522,653,2.95,0.512,0.879,0,1,1,73.0,-1.4,4.0
1663,1872,659,3.24,0.56,0.892,0,1,1,76.9,-0.2,3.9
1664,1765,533,1.62,0.612,0.921,0,1,1,75.1,-0.2,3.9
1667,1914,779,3.66,0.522,0.884,0,1,1,91.2,1.4,2.3
1669,1788,710,-2.15,0.545,0.91,0,1,1,76.9,-0.2,4.0
1670,2051,719,0.63,0.56,0.891,0,1,1,79.9,-1.4,4.0
1671,1857,719,-3.54,0.564,0.884,0,1,1,78.4,-1.4,4.0
1672,1700,767,-1.09,0.595,0.944,0,1,1,78.4,-0.2,3.9
1674,1956,644,0.58,0.577,0.921,0,1,1,84.2,1.8,3.5
1675,1786,655,1.21,0.547,0.925,0,1,1,74.4,-0.2,3.9
1676,1917,657,1.58,0.551,0.906,0,1,1,83.9,1.9,3.5
1677,1850,504,-4.65,0.471,0.821,0,1,1,68.1,2.1,2.9
1678,1850,735,-0.08,0.56,0.888,0,1,1,75.2,-1.4,4.0
1681,1831,770,2.34,0.584,0.891,0,2,1,70.1,-1.5,4.1
1682,1828,569,0.86,0.562,0.886,0,1,1,80.5,2.2,3.6
1685,1668,622,-3.04,0.578,0.954,0,1,1,85.2,3.0,3.2
1686,1642,808,0.02,0.625,0.956,0,1,1,80.0,-1.4,4.0
1688,1885,728,2.23,0.545,0.884,0,1,1,85.8,2.2,3.5
1694,1973,803,-1.58,0.628,0.938,0,1,1,68.2,-1.5,4.1
1696,1681,639,2.5,0.513,0.875,0,1,1,72.9,-1.4,4.0
1697,1779,688,4.05,0.557,0.876,0,2,1,82.8,1.7,2.4
1698,1860,721,0.76,0.522,0.876,0,1,1,89.8,2.0,2.3
1699,1811,629,-0.95,0.564,0.903,0,1,1,82.0,2.2,3.5
1700,1480,603,-2.8,0.597,0.966,0,1,1,82.4,3.0,3.3
1701,1696,615,0.47,0.569,0.926,0,1,1,78.7,-1.4,3.9
1702,1757,736,-0.68,0.525,0.893,0,1,1,87.4,1.9,2.8
1703,2057,726,4.75,0.513,0.843,0,1,1,88.1,1.8,2.7
1704,1876,647,0.16,0.564,0.913,0,1,1,82.0,2.2,3.5
1705,1993,690,-0.6,0.535,0.874,0,1,1,82.3,1.8,3.5
1706,1800,538,-1.03,0.49,0.812,0,1,1,72.7,-1.4,4.0
1707,1907,745,-0.99,0.543,0.915,0,1,1,88.0,-0.2,3.8
1708,1852,438,1.09,0.544,0.873,0,1,1,90.3,-1.4,3.9
1709,1808,732,-1.71,0.568,0.934,0,1,1,74.8,-1.4,4.0
1710,1746,748,-0.39,0.56,0.923,0,1,1,87.3,1.9,3.4
1711,1889,696,0.28,0.563,0.911,0,1,1,78.4,-1.4,4.0
1713,1737,675,1.68,0.561,0.923,0,1,1,89.8,1.7,2.2
1714,1913,565,0.68,0.482,0.791,0,3,1,91.2,-1.4,3.9
1715,1800,750,-0.29,0.503,0.878,0,1,1,76.9,-1.4,4.0
1717,1545,734,-1.52,0.528,0.904,0,2,1,83.7,2.2,3.5
1718,1877,708,-3.08,0.589,0.915,0,1,1,79.1,-1.4,4.0
1721,1926,542,5.14,0.538,0.797,0,1,1,75.4,-0.5,4.0
1722,1829,755,0.02,0.505,0.878,0,1,1,76.3,-1.5,4.1
1724,1676,559,2.96,0.597,0.938,0,1,1,83.5,3.1,3.2
1725,2018,584,-0.67,0.536,0.891,0,1,1,75.5,-0.2,4.0
1726,1728,670,-0.99,0.582,0.939,0,1,1,76.7,-1.4,4.0
1728,1798,614,2.44,0.544,0.893,0,1,1,83.7,3.0,3.3
1729,1937,661,2.55,0.575,0.911,0,1,1,56.9,-0.8,10.4
1732,1800,707,1.21,0.493,0.851,0,1,1,91.9,2.0,3.3
1733,1674,610,1.94,0.595,0.922,0,1,1,72.7,-1.4,4.1
1734,1920,806,0.99,0.503,0.864,0,1,1,58.4,-0.8,10.6
1737,1715,652,3.7,0.544,0.889,0,1,1,72.9,-1.5,4.2
1741,1660,717,0.21,0.59,0.919,0,1,1,84.8,2.8,2.3
1745,1849,663,1.96,0.566,0.919,0,1,1,75.6,-1.4,4.0
1746,1959,674,2.14,0.538,0.877,0,1,1,78.4,-0.2,3.9
1747,1951,806,2.64,0.558,0.914,0,1,1,69.0,-0.5,7.1
