id,image,source,split,group,rust,severity,label_name,width,height,sha256,cluster,cluster_size,in_eval
fi_00000,data/field/kenya/images/fi_00000.jpg,field_kenya,test,other,0,,cercospora,128,128,4fd429c51f44a4f29d6d16948d4df971bd6f5fd10e7131631216d3a3590aadd9,c00192,1,1
fi_00001,data/field/kenya/images/fi_00001.jpg,field_kenya,test,other,0,,cercospora,256,120,376c4186edff2a2851b1db0b740689820ad283351795d536ce48e02d924b7711,c00191,1,1
fi_00002,data/field/kenya/images/fi_00002.jpg,field_kenya,test,other,0,,cercospora,128,128,34784bffb4ea30a8e9658412d2df4fba16600cb3bff83f6def9244d934f2f00b,c00188,1,1
fi_00003,data/field/kenya/images/fi_00003.jpg,field_kenya,test,other,0,,cercospora,128,128,0f482cbf9545f40ca3431307d1fc61ccc9fa4b230582ffdfc46d4425e0741ba1,c00190,1,1
fi_00004,data/field/kenya/images/fi_00004.jpg,field_kenya,test,other,0,,cercospora,128,128,869ccd691960379c69720bd5fe6c210269739ecf0663fab1cdbac5cab17bfec5,c00187,1,1
fi_00005,data/field/kenya/images/fi_00005.jpg,field_kenya,test,other,0,,cercospora,128,128,c78278c4ee047ff7cd277717aaee116e079211e3bdde11005b1c6a8ac5d1037d,c00189,1,1
fi_00006,data/field/kenya/images/fi_00006.jpg,field_kenya,test,other,0,,cercospora,128,128,1e47c041bae1c02ab7c310ced04683094bfc11d23b9ba7707a4e3f8a806c4646,c00178,1,1
fi_00007,data/field/kenya/images/fi_00007.jpg,field_kenya,test,other,0,,cercospora,128,128,0c691a3ffa7da09d3e95ab0785cc7a102eb2e091f1f03563c2b978baac4a849b,c00177,1,1
fi_00008,data/field/kenya/images/fi_00008.jpg,field_kenya,test,other,0,,cercospora,128,128,a459966dedfb3a585da06e695651ff0af863652e6fb721feac8c0695ba42dafb,c00176,1,1
fi_00009,data/field/kenya/images/fi_00009.jpg,field_kenya,test,other,0,,cercospora,128,128,900ca4c95de9ee970e4ec5e3e8c754f16ab312480c0886ce37e16e3d169a8455,c00180,1,1
fi_00010,data/field/kenya/images/fi_00010.jpg,field_kenya,test,other,0,,cercospora,128,128,fd520ca0b4b2062f0d1d3ef84b47c0e2547d043f4aa13777ae3ec9c500881f14,c00179,1,1
fi_00011,data/field/kenya/images/fi_00011.jpg,field_kenya,test,other,0,,cercospora,256,99,09bb371a6201e5dafe4a9aefb31b63f6657edace613d77ea67ee9e84f53c049d,c00174,1,1
fi_00012,data/field/kenya/images/fi_00012.jpg,field_kenya,test,other,0,,cercospora,122,256,77b07f955b079370bc1adcdac70640b13e4eb43b89ba999ad6a754ae8d199c64,c00171,1,1
fi_00013,data/field/kenya/images/fi_00013.jpg,field_kenya,test,other,0,,cercospora,128,128,1710afc576a8b177bde7244917d372de1ee876d5da96afc7fd4574dc0d63f30d,c00172,1,1
fi_00014,data/field/kenya/images/fi_00014.jpg,field_kenya,test,other,0,,cercospora,116,256,8328b6202085ef0cebbc0c4c2b536e63e149c5dcf996d93e2ee9e4436aba16f3,c00175,1,1
fi_00015,data/field/kenya/images/fi_00015.jpg,field_kenya,test,other,0,,cercospora,123,256,a608b4ae6529befea939a58f8ba945afb8118b72150857beb4eaf838f5d396e0,c00183,1,1
fi_00016,data/field/kenya/images/fi_00016.jpg,field_kenya,test,other,0,,cercospora,128,128,584920d66d7c4c9a164cd97805af875339b9eeb5016f8e098f904ff73b20633a,c00185,1,1
fi_00017,data/field/kenya/images/fi_00017.jpg,field_kenya,test,other,0,,cercospora,128,128,aea417910e8a102a93362295971e69003bf9be3c7b269f0fe7a9f7d81dfc1e3f,c00184,1,1
fi_00018,data/field/kenya/images/fi_00018.jpg,field_kenya,test,other,0,,cercospora,128,128,e830594b1207a53552220b28b468125b9d52790aa3e0385d2f1e7c96c8368b96,c00186,1,1
fi_00019,data/field/kenya/images/fi_00019.jpg,field_kenya,test,other,0,,cercospora,256,125,805901c3fdebb7a9d598e5f70dc5391c0bcfd643f6ccbaab66c6bb38ba6fba60,c00166,2,1
fi_00020,data/field/kenya/images/fi_00020.jpg,field_kenya,test,other,0,,cercospora,128,128,de5aeb1ae816d159297fd2d45e27078430c8ce9aa5511403d99e9591c152b6ed,c00165,1,1
fi_00021,data/field/kenya/images/fi_00021.jpg,field_kenya,test,other,0,,cercospora,128,128,559093e740d63650c815b2d926900706162a506cd400642b4b3814907e56bc25,c00167,1,1
fi_00022,data/field/kenya/images/fi_00022.jpg,field_kenya,test,other,0,,cercospora,128,128,9d3a03651c33b2e80db5ed11f90e7b4cdbe26d473684269c1feca993d1f5088e,c00170,1,1
fi_00023,data/field/kenya/images/fi_00023.jpg,field_kenya,test,other,0,,cercospora,128,128,51fc3bdfd40a3a667b64243b4b06b090c7da2a5c88d3e39c9dc9cffc8a9a94a5,c00168,1,1
fi_00024,data/field/kenya/images/fi_00024.jpg,field_kenya,test,other,0,,cercospora,128,128,38dd1d3401796300d40466a82a9162a5aa15b391c72e084d4edbd2403ab15615,c00169,1,1
fi_00025,data/field/kenya/images/fi_00025.jpg,field_kenya,test,other,0,,cercospora,128,128,4385e91a44ce2332e984d25f099e8fd5f994c61898da923061e065974b3ca854,c00181,1,1
fi_00026,data/field/kenya/images/fi_00026.jpg,field_kenya,test,other,0,,cercospora,128,128,a91edb3cf64e326818aea0e6fdf21cf8cc55239973e284cbe1d6fed8ebe7183a,c00173,1,1
fi_00027,data/field/kenya/images/fi_00027.jpg,field_kenya,test,other,0,,cercospora,128,128,eafdd75e86e61927ccf36047dd5f247e05559160d070206314ca85f913c83073,c00182,1,1
fi_00028,data/field/kenya/images/fi_00028.jpg,field_kenya,test,healthy,0,,healthy,128,128,0ab73045627eb6b7b62cd81a3acedddd847c091432c00ee6da678c3c3c0372a0,c00083,2,1
fi_00029,data/field/kenya/images/fi_00029.jpg,field_kenya,test,healthy,0,,healthy,128,128,bb1ebc0538bd3d6ca9084a54bfc452da7ddff3362d380a271b9bcdf51f222de2,c00090,2,1
fi_00030,data/field/kenya/images/fi_00030.jpg,field_kenya,test,healthy,0,,healthy,128,128,bf27576cc075c3e8ba3ceddb801a7c9fa28c6b2196e51d1884a9fd2ca38927f0,c00091,2,1
fi_00031,data/field/kenya/images/fi_00031.jpg,field_kenya,test,healthy,0,,healthy,128,128,32bd01080bbf820106633f5dc40a3ecffee87ee67de762920498bb3ab53995f1,c00082,2,1
fi_00032,data/field/kenya/images/fi_00032.jpg,field_kenya,test,healthy,0,,healthy,128,128,fecfbec8212628eac72435840c52c21e9a74a88f4b1fb5dbb3333842dd94fae7,c00084,1,1
fi_00033,data/field/kenya/images/fi_00033.jpg,field_kenya,test,healthy,0,,healthy,128,128,9a320b7ad5a30567a066a5b2cbf9a9e1c66dee50a85909e877c7c3309de81c7c,c00092,2,1
fi_00034,data/field/kenya/images/fi_00034.jpg,field_kenya,test,healthy,0,,healthy,128,128,3dffb5c69697b794913ac8594552eaaace423e7f3c6e8d5f181e67d28649e7cf,c00089,2,1
fi_00035,data/field/kenya/images/fi_00035.jpg,field_kenya,test,healthy,0,,healthy,128,128,43262104de3ac9ac1064bb0ddb6f2896a3a1d3ed3552c557894663f701f4e166,c00088,2,1
fi_00036,data/field/kenya/images/fi_00036.jpg,field_kenya,test,healthy,0,,healthy,128,128,3674563637152bde8ce346f76c98f3d44ed88604899ff6da0d5574cf560ecde8,c00087,2,1
fi_00037,data/field/kenya/images/fi_00037.jpg,field_kenya,test,healthy,0,,healthy,128,128,d44be3058f16511b507afdb54233a6084a928edcff4725e6bacc4091a775c0a2,c00085,1,1
fi_00038,data/field/kenya/images/fi_00038.jpg,field_kenya,test,healthy,0,,healthy,128,128,37fc804665ba0315b9b985e8db5ea186d90b282ff9811ebec37b68bb7a8a198b,c00086,1,1
fi_00039,data/field/kenya/images/fi_00039.jpg,field_kenya,test,rust,1,,rust,128,128,e5c23da610ede4a8920492c605ba0b2172c53a782bd43c27e81caf5ea012e744,c00017,1,1
fi_00040,data/field/kenya/images/fi_00040.jpg,field_kenya,test,rust,1,,rust,128,128,a7db76bfc01c484484c3d05bed3d108b338638de0d1e9c2da392bcf39fc2bfd7,c00018,1,1
fi_00041,data/field/kenya/images/fi_00041.jpg,field_kenya,test,rust,1,,rust,128,128,7edd349de07278e2276e33442376fd1b23c762ff7d6c80700dee113d1c0a2162,c00020,1,1
fi_00042,data/field/kenya/images/fi_00042.jpg,field_kenya,test,rust,1,,rust,128,128,a9fa801a77cbeb94b090fa89b9b62b530cbe7bf444b135e14306b55676e5c9e1,c00021,1,1
fi_00043,data/field/kenya/images/fi_00043.jpg,field_kenya,test,rust,1,,rust,128,128,c89f1824158e9d34bb4d2ecc3b531c95fe844664e0e5e183264b39a0cef6c4ef,c00019,1,1
fi_00044,data/field/kenya/images/fi_00044.jpg,field_kenya,test,rust,1,,rust,128,128,93fb576c2a8b7bab2f2a2eaeb649cf64f460047f2efdbc4472131c3bfc6b7714,c00007,3,1
fi_00045,data/field/kenya/images/fi_00045.jpg,field_kenya,test,rust,1,,rust,128,128,e5c1e867879e4f4fa5cdfa19c2fbb326406a021b0b79591e99c72d0dfaeae483,c00053,1,1
fi_00046,data/field/kenya/images/fi_00046.jpg,field_kenya,test,rust,1,,rust,128,128,de6a38340cfafe09bbbdc990e537bd0d1d143c394ba676e5bb22911602ac5728,c00052,1,1
fi_00047,data/field/kenya/images/fi_00047.jpg,field_kenya,test,rust,1,,rust,128,128,e4af3ad8268fef43715b3fca4171d574a0be38f6f22fe99cde41c2f81d2efced,c00051,1,1
fi_00048,data/field/kenya/images/fi_00048.jpg,field_kenya,test,rust,1,,rust,128,128,5d0f8f445dcc56d9a7615a5d4b4771372d4b36c91026bf5f80aba8fb483fc069,c00056,1,1
fi_00049,data/field/kenya/images/fi_00049.jpg,field_kenya,test,rust,1,,rust,128,128,472bf2fd61d8145ff8c5584aeebfaeed02062ea19dc211b24100d0497259d29f,c00055,1,1
fi_00050,data/field/kenya/images/fi_00050.jpg,field_kenya,test,rust,1,,rust,128,128,6c9c232da6db297bf9888cb762243473a4c179f3832d609846c2ae7393611ff8,c00054,1,1
fi_00051,data/field/kenya/images/fi_00051.jpg,field_kenya,test,rust,1,,rust,128,128,6995439115ea8db9046c04496fe85395afb344c8591217bda6c020a546c50fa3,c00041,1,1
fi_00052,data/field/kenya/images/fi_00052.jpg,field_kenya,test,rust,1,,rust,128,128,427504a3523962efddd2d9b0d72b1be1e2e330dd96dd82f940d4268da0b666de,c00042,1,1
fi_00053,data/field/kenya/images/fi_00053.jpg,field_kenya,test,rust,1,,rust,128,128,1d2a06401199c5d60b421056831402a6d9fce6e5dde4296ac278b0d969996c9e,c00043,1,1
fi_00054,data/field/kenya/images/fi_00054.jpg,field_kenya,test,rust,1,,rust,128,128,3f65112673f372f29c9de82ec0a0b283a67b4d01ec1a734d0f31e66efa473412,c00040,1,1
fi_00055,data/field/kenya/images/fi_00055.jpg,field_kenya,test,rust,1,,rust,128,128,7376d40acee7425527d900b5d0a2fd44202b8ad176ef7cc2acebb248576d922c,c00044,1,1
fi_00056,data/field/kenya/images/fi_00056.jpg,field_kenya,test,rust,1,,rust,128,128,86f8218ae3a7646fcec105e825637c32a7d700a550983ee4f51dd022b6fd4b3f,c00015,1,1
fi_00057,data/field/kenya/images/fi_00057.jpg,field_kenya,test,rust,1,,rust,128,128,0166865ba7d9a6ad9f9038dbfa798ed71d8e050e3242853f331e563aca8aebde,c00014,1,1
fi_00058,data/field/kenya/images/fi_00058.jpg,field_kenya,test,rust,1,,rust,128,128,bbf5d51492e333ccde25c22c947a68909e436d8cc6551f7350ef8ba5c71624ce,c00016,1,1
fi_00059,data/field/kenya/images/fi_00059.jpg,field_kenya,test,rust,1,,rust,128,128,d7922cbf9bbf148b09d87b1ec058d08b7988292267b18fe4421e36519fedeb1e,c00012,1,1
fi_00060,data/field/kenya/images/fi_00060.jpg,field_kenya,test,rust,1,,rust,128,128,032550ca0fbdff9e95f8e6be2c1b79a5b7ca8a859c9a233800a6796d22b051b6,c00013,1,1
fi_00061,data/field/kenya/images/fi_00061.jpg,field_kenya,test,rust,1,,rust,128,128,5265147ce691a6dd0818059b0231126dd80554057fde29b29b590f78b2f10375,c00081,1,1
fi_00062,data/field/kenya/images/fi_00062.jpg,field_kenya,test,rust,1,,rust,128,128,80ce9dc0bd2f01252c6a97f95affa5ea9e1fd6f55db6c05b51429d412e52e75c,c00079,1,1
fi_00063,data/field/kenya/images/fi_00063.jpg,field_kenya,test,rust,1,,rust,128,128,2a48b4ef80af67794ca448d36ce047e9e1c06a824b388cb5479575d12deb762d,c00078,1,1
fi_00064,data/field/kenya/images/fi_00064.jpg,field_kenya,test,rust,1,,rust,128,128,c554678938c52f1166662d8d25cf886fec58f40de20ea8a2e050d081c1c5f28f,c00080,1,1
fi_00065,data/field/kenya/images/fi_00065.jpg,field_kenya,test,rust,1,,rust,128,128,f4f8cdd3a9afc20cb36f041df88e8cf7991c3e88e5c65aa4bb321e70f3933ba2,c00004,1,1
fi_00066,data/field/kenya/images/fi_00066.jpg,field_kenya,test,rust,1,,rust,128,128,3a146e63a5261f04da6d779ad6697a8c317adc03b39628cc0c5670e468356ded,c00003,1,1
fi_00067,data/field/kenya/images/fi_00067.jpg,field_kenya,test,rust,1,,rust,128,128,cab120a938a3b11b6af279e373a1a7aa1eba134d0ccd919c356fd8b6ff21bd9e,c00002,1,1
fi_00068,data/field/kenya/images/fi_00068.jpg,field_kenya,test,rust,1,,rust,128,128,2b50faa36253ebfbf5ffa005860f00e82afed75ae1fca27b7bbd294c67798edd,c00001,1,1
fi_00069,data/field/kenya/images/fi_00069.jpg,field_kenya,test,rust,1,,rust,128,128,c7ac142191f25ed8ed14d88bbe58671eced8049acc0fad5d4105f94414f08f82,c00005,1,1
fi_00070,data/field/kenya/images/fi_00070.jpg,field_kenya,test,rust,1,,rust,128,128,63f17b34da598c87af896105bbfd69cc0af2a0f4b6c2eb6c45fd05f66883c753,c00000,1,1
fi_00071,data/field/kenya/images/fi_00071.jpg,field_kenya,test,rust,1,,rust,128,128,e6136d74bd7bf0e8521f39b1073b79eaa08c6062e3a6dc332a85165330d75124,c00064,1,1
fi_00072,data/field/kenya/images/fi_00072.jpg,field_kenya,test,rust,1,,rust,128,128,f19c8db65a77b55d9e1272461169da19c867d9c87554a2ab0617b68227d71c96,c00062,1,1
fi_00073,data/field/kenya/images/fi_00073.jpg,field_kenya,test,rust,1,,rust,128,128,5b936bd4e29a78384cc59661f2177e6e7a12d20fdeac803e5eb48b2693ed07a2,c00063,1,1
fi_00074,data/field/kenya/images/fi_00074.jpg,field_kenya,test,rust,1,,rust,128,128,e5cf59f226e534beca3b995a406d6f011c261f3771256695b81d04d0b7a9da64,c00065,1,1
fi_00075,data/field/kenya/images/fi_00075.jpg,field_kenya,test,rust,1,,rust,128,128,d232e61ceb5d122a460705648fda5b271e8011b76dcbe5b13a40f3fe224c4b84,c00066,1,1
fi_00076,data/field/kenya/images/fi_00076.jpg,field_kenya,test,rust,1,,rust,128,128,8904887101a5e5efd89e57925d8c726c3bca665866f06ea71992845b2e19a90b,c00022,1,1
fi_00077,data/field/kenya/images/fi_00077.jpg,field_kenya,test,rust,1,,rust,128,128,b24b2c8cb6087be6c64d018a84808946a9359576c41fbdd3d7bf6bdbbf573415,c00026,1,1
fi_00078,data/field/kenya/images/fi_00078.jpg,field_kenya,test,rust,1,,rust,128,128,ee997e0c708d0d131f3ad06c8144895bcadc589b360f9f43895ccbf07e1fe157,c00025,1,1
fi_00079,data/field/kenya/images/fi_00079.jpg,field_kenya,test,rust,1,,rust,128,128,ca7992afc7edf59b9ea7863b4410406ce8822cf16fa65fe61ad78a3af5064444,c00023,2,1
fi_00080,data/field/kenya/images/fi_00080.jpg,field_kenya,test,rust,1,,rust,128,128,ea166d814415adbd4322fbcf0604a50483d61764b793d3b333172cab1373142e,c00024,1,1
fi_00081,data/field/kenya/images/fi_00081.jpg,field_kenya,test,rust,1,,rust,128,128,42f9b5d92818666e94bbc29800e8dad42564910736f14d877c25a6a9fcf718d3,c00027,1,1
fi_00082,data/field/kenya/images/fi_00082.jpg,field_kenya,test,rust,1,,rust,128,128,ad7287e72b17f1ca37c08086e0dc7eb358dee283c4624be3ad38f7593d9b5836,c00061,1,1
fi_00083,data/field/kenya/images/fi_00083.jpg,field_kenya,test,rust,1,,rust,128,128,29c59bda4177e329bfacfc35b7561e59ab994d339cfa4d9681bc7c5f76873cc5,c00057,1,1
fi_00084,data/field/kenya/images/fi_00084.jpg,field_kenya,test,rust,1,,rust,128,128,a63699aca26227af2a8197b7fa423bb2f2f019233c5b80466ca52d5114d07033,c00058,1,1
fi_00085,data/field/kenya/images/fi_00085.jpg,field_kenya,test,rust,1,,rust,128,128,4cdc5377742b3d471cf11a5e5753011f2581bd5fdc60ad42370b3d1f64a5da99,c00059,1,1
fi_00086,data/field/kenya/images/fi_00086.jpg,field_kenya,test,rust,1,,rust,128,128,d4a8e9c743dd931cc72e468d9bc9a4cba307771e72c40b379f3a4928576ffcfe,c00060,1,1
fi_00087,data/field/kenya/images/fi_00087.jpg,field_kenya,test,rust,1,,rust,128,128,1e21d6b0b3994ea2029fbd7aa94c64fa76e94b5ef5295cf0233ab61632abfb6b,c00028,1,1
fi_00088,data/field/kenya/images/fi_00088.jpg,field_kenya,test,rust,1,,rust,128,128,ce3c97a347db3d02a668819be9ba7fa588f1efc22de834227384b3e80f5ad5ed,c00030,1,1
fi_00089,data/field/kenya/images/fi_00089.jpg,field_kenya,test,rust,1,,rust,128,128,c4ce70e2cefc03a4df98ab4d11d6537a2f4701e96f9d6feb55add2935c9327fd,c00029,1,1
fi_00090,data/field/kenya/images/fi_00090.jpg,field_kenya,test,rust,1,,rust,128,128,7f4dae59896620ca7f175302fb274c9aff089a3c9bf1d85f455a9de7267389e2,c00032,1,1
fi_00091,data/field/kenya/images/fi_00091.jpg,field_kenya,test,rust,1,,rust,128,128,4bd2a5c04babf4ac22d6b7fb38f574056b8ebc380591460b8638bc3d536b44ca,c00031,1,1
fi_00092,data/field/kenya/images/fi_00092.jpg,field_kenya,test,rust,1,,rust,128,128,61590947684d617af997beb5eba295fe8ddb5dc6045401dbdedce83c7b13dded,c00033,1,1
fi_00093,data/field/kenya/images/fi_00093.jpg,field_kenya,test,rust,1,,rust,128,128,3834873796df07530ccbd2fc67491103a32bc91ba673f70b57889c9eeddc05a7,c00038,1,1
fi_00094,data/field/kenya/images/fi_00094.jpg,field_kenya,test,rust,1,,rust,128,128,bfc09e092c49044dc7a87485b1456e12d00dbd433025279bf96ad9f4dfc1d9d9,c00037,1,1
fi_00095,data/field/kenya/images/fi_00095.jpg,field_kenya,test,rust,1,,rust,128,128,161ea34f6ce38775dfe36f64a8c2be33a48d7bf8fc97d4eca0ee83a9b028a7af,c00036,1,1
fi_00096,data/field/kenya/images/fi_00096.jpg,field_kenya,test,rust,1,,rust,128,128,6da63476d3919c724b347a5e81ab0f339c3538d6902c7b955d3569bc34127100,c00039,1,1
fi_00097,data/field/kenya/images/fi_00097.jpg,field_kenya,test,rust,1,,rust,128,128,6d2b020a037199a4852e25c87217d0a7eefd096c1cf69aa88d333f7cfc5f8a4e,c00035,1,1
fi_00098,data/field/kenya/images/fi_00098.jpg,field_kenya,test,rust,1,,rust,128,128,4eb16ab6211ccb32e936126935095deec68a8d2e291f92ab7d63afbd8f479e37,c00034,1,1
fi_00099,data/field/kenya/images/fi_00099.jpg,field_kenya,test,rust,1,,rust,128,128,0a20acd6e811cc4bfa5eea3133c6d49df3db91dc6989b89cba8fb1a0927062ad,c00009,2,1
fi_00100,data/field/kenya/images/fi_00100.jpg,field_kenya,test,rust,1,,rust,128,128,56d2fd372fb533086349715e31bf68f359e0f9bd76bb4605453762fe5bacb866,c00010,1,1
fi_00101,data/field/kenya/images/fi_00101.jpg,field_kenya,test,rust,1,,rust,128,128,3688c3968ad0cef9d69c97f16168dbd6095c490e97c016cbd58355749280c31b,c00011,1,1
fi_00102,data/field/kenya/images/fi_00102.jpg,field_kenya,test,rust,1,,rust,128,128,4e08b9e5e4131974f118e5d4d6e5c7d5ab42648db4f9f20b06806638d392c322,c00008,1,1
fi_00103,data/field/kenya/images/fi_00103.jpg,field_kenya,test,rust,1,,rust,128,128,4267be2aff5fd951d4f70220b490438e0aefd7c7b14c72cf4e2d3ae7f2bdaf1e,c00006,1,1
fi_00104,data/field/kenya/images/fi_00104.jpg,field_kenya,test,rust,1,,rust,128,128,bef525c6912b1304c3973cccf591c2a82032e834502cc68b254e6e08950fc6f2,c00076,1,1
fi_00105,data/field/kenya/images/fi_00105.jpg,field_kenya,test,rust,1,,rust,128,128,17c552305ea887cefe09a7a2d1e9a1421cd469518534f507195aff34974e3f3c,c00077,1,1
fi_00106,data/field/kenya/images/fi_00106.jpg,field_kenya,test,rust,1,,rust,128,128,2aeef7458057d0a49d42730257fdfb4116a192575024696d9fa7276be34394ab,c00072,1,1
fi_00107,data/field/kenya/images/fi_00107.jpg,field_kenya,test,rust,1,,rust,128,128,91a76437b5e0d8894e1e93d47efde8ace655095be16102f7e7751181d673d80f,c00073,1,1
fi_00108,data/field/kenya/images/fi_00108.jpg,field_kenya,test,rust,1,,rust,128,128,81981678e70a24e9ce1bc7ae3d12556389617eb30ed788feb6df3ead4b7864a6,c00075,1,1
fi_00109,data/field/kenya/images/fi_00109.jpg,field_kenya,test,rust,1,,rust,128,128,8ad80494a6da4b408b02a7da4d2281a4121a2f96cad5def94104bd5f0839abb5,c00074,1,1
fi_00110,data/field/kenya/images/fi_00110.jpg,field_kenya,test,rust,1,,rust,128,128,d9d73ff2dfe053cf3e8960a1ac04a226b26e7b778117c18aff74e1824bde001e,c00068,1,1
fi_00111,data/field/kenya/images/fi_00111.jpg,field_kenya,test,rust,1,,rust,128,128,46bb27abd4c2d7f048c7a6654d6a40932d815ba1dcf76c0dd8af7a928fe1f090,c00067,1,1
fi_00112,data/field/kenya/images/fi_00112.jpg,field_kenya,test,rust,1,,rust,128,128,ddc5cf8b8c1820b092b9c378f154f7c8825c82ad55f84e12cca3cf14dac12ebc,c00071,1,1
fi_00113,data/field/kenya/images/fi_00113.jpg,field_kenya,test,rust,1,,rust,128,128,a9c79fd0aa9947ae6f0e0450c8e5816630dac69cce19c3c8015a14fd18d57372,c00070,1,1
fi_00114,data/field/kenya/images/fi_00114.jpg,field_kenya,test,rust,1,,rust,128,128,6ec5785d699cefae9b9045a751dc060171364ba01449f8bb55e3c41992f7f500,c00069,1,1
fi_00115,data/field/kenya/images/fi_00115.jpg,field_kenya,test,rust,1,,rust,128,128,f3c77e33dfa292dab4409daa65a937825c3738b707d2ae59c05c1ef57ab7defd,c00047,1,1
fi_00116,data/field/kenya/images/fi_00116.jpg,field_kenya,test,rust,1,,rust,128,128,31e2fc69455335f5862322887273be8179ec13d60e2ebf73f836e88f6442d33d,c00046,1,1
fi_00117,data/field/kenya/images/fi_00117.jpg,field_kenya,test,rust,1,,rust,128,128,86f53b865858fabda1d090bc36f70521847f2c82892c000a4362f1e176a25353,c00045,1,1
fi_00118,data/field/kenya/images/fi_00118.jpg,field_kenya,test,rust,1,,rust,128,128,06d951b1dafc61a4c4e715eed9f3d8bf5c25e1530a159afd7da483309f79a1ea,c00050,1,1
fi_00119,data/field/kenya/images/fi_00119.jpg,field_kenya,test,rust,1,,rust,128,128,0d64b976f7fa889f4cc6b95424f8950f673818663191ae3e11e22a799470f924,c00048,1,1
fi_00120,data/field/kenya/images/fi_00120.jpg,field_kenya,test,rust,1,,rust,128,128,bc72c5cda39ebcad03d00495b900348794c251925eb06a7bff8851e2c26d6e76,c00049,1,1
fi_00121,data/field/kenya/images/fi_00121.jpg,field_kenya,test,other,0,,miner,125,256,d28a6ed72953fb31854622e44b415e73d2f9b491197b54111c5f3c5ba3d5b029,c00097,1,1
fi_00122,data/field/kenya/images/fi_00122.jpg,field_kenya,test,other,0,,miner,128,128,46574e0a1e49720197e6b246552083864fdd1e0001fb4690b1125ec48cf80c0c,c00098,1,1
fi_00123,data/field/kenya/images/fi_00123.jpg,field_kenya,test,other,0,,miner,128,128,d53a7e2e69ff4787ba60027f797b697278e0d31e75d504422d97d06626ce72f7,c00096,1,1
fi_00124,data/field/kenya/images/fi_00124.jpg,field_kenya,test,other,0,,miner,128,128,b7a80a7badfab77e6b1a96461d4840a542c2820d4e26adbc2c314ade36cc6470,c00095,1,1
fi_00125,data/field/kenya/images/fi_00125.jpg,field_kenya,test,other,0,,miner,128,128,2477751a8ef16e17c8b61098f0b1fe2c4f81d29eb66ccdb6b1b0313594d667ca,c00093,1,1
fi_00126,data/field/kenya/images/fi_00126.jpg,field_kenya,test,other,0,,miner,128,128,8641071f4ad0afb2554b1b0766dc0f7884e15be0e15bde32537320b2ea78362c,c00094,1,1
fi_00127,data/field/kenya/images/fi_00127.jpg,field_kenya,test,other,0,,miner,128,128,a8df701d06de461506a4f143d2689d409ecb24a1629498a6e9851de436bc37e8,c00105,1,1
fi_00128,data/field/kenya/images/fi_00128.jpg,field_kenya,test,other,0,,miner,128,128,d9b4a0b7e1ef1a70756cf9f058b8f485ebb415c59e0df12f13311a04b0c8c839,c00112,1,1
fi_00129,data/field/kenya/images/fi_00129.jpg,field_kenya,test,other,0,,miner,128,128,1b35c520efd8c9904b2e6539f1ca3e266c74b74701fa954d7dc9bfbc3a816445,c00113,1,1
fi_00130,data/field/kenya/images/fi_00130.jpg,field_kenya,test,other,0,,miner,128,128,57f35b5554b51c6dd02032e14b3739972ec6c40c9742973cd38989be2a6b1b4e,c00114,1,1
fi_00131,data/field/kenya/images/fi_00131.jpg,field_kenya,test,other,0,,miner,102,256,774abbb0a5658962c07ca35852078d9c05e338bc04646c511f70b25d6aa4a2f0,c00120,1,1
fi_00132,data/field/kenya/images/fi_00132.jpg,field_kenya,test,other,0,,miner,128,128,7cea6d3046de0c65c98b01b509ff4389fef37f407ef99f7909bdd7d3ad5c19f8,c00119,1,1
fi_00133,data/field/kenya/images/fi_00133.jpg,field_kenya,test,other,0,,miner,128,128,f6e93d18ca4ab3d21892ee9e2b129af8f715261c062a48b0a1e33b229733a110,c00121,1,1
fi_00134,data/field/kenya/images/fi_00134.jpg,field_kenya,test,other,0,,miner,128,128,9e05406bad08e0b9b7db94cb876e6b0bddc71663bb19d9cf57b0ca1398d281ec,c00108,1,1
fi_00135,data/field/kenya/images/fi_00135.jpg,field_kenya,test,other,0,,miner,128,128,03b646ea805d11fd172ae32cafe41d35e6f10c30519214ef4bb88808a6d238cb,c00106,1,1
fi_00136,data/field/kenya/images/fi_00136.jpg,field_kenya,test,other,0,,miner,128,128,7fcfd653c1f7af22759b9007220b6b396ef7a98a206db21bd98bb66f8efab349,c00107,1,1
fi_00137,data/field/kenya/images/fi_00137.jpg,field_kenya,test,other,0,,miner,128,128,386db394ee4b6ba7b72ab188f664d70f837ddf8c3cdfa06597081d2352dcd071,c00118,1,1
fi_00138,data/field/kenya/images/fi_00138.jpg,field_kenya,test,other,0,,miner,128,128,9be0b03687c06177e9dbf66e3fc0368985d44ca47be23beb1d203151c17289c2,c00116,1,1
fi_00139,data/field/kenya/images/fi_00139.jpg,field_kenya,test,other,0,,miner,128,128,7acc9f11978104939166515f5cdd50b4e7602e1da787211e4c4ae480b5ce2a1b,c00117,1,1
fi_00140,data/field/kenya/images/fi_00140.jpg,field_kenya,test,other,0,,miner,128,128,ed705ca6595c1f677d4bbfb82f163437d394d4afc3e3359204746d078627621f,c00101,1,1
fi_00141,data/field/kenya/images/fi_00141.jpg,field_kenya,test,other,0,,miner,80,256,845a6f52d79772545adf3a21f88e25f5a449cab4fb3496d5b131fffbd1e58e02,c00099,1,1
fi_00142,data/field/kenya/images/fi_00142.jpg,field_kenya,test,other,0,,miner,128,128,71226ed3626a53b2abad3c00731657f43ee36a9d0998067743239867cd6ca287,c00100,1,1
fi_00143,data/field/kenya/images/fi_00143.jpg,field_kenya,test,other,0,,miner,128,128,b39a7dc2f39dd9affa02570cb347a5e566bc0ffdf490fd0bb530059f71c8b118,c00123,1,1
fi_00144,data/field/kenya/images/fi_00144.jpg,field_kenya,test,other,0,,miner,128,128,ed7224b05738a9b3bb551318052e5a50565a75523ba31069dacd6005b2abed3f,c00122,1,1
fi_00145,data/field/kenya/images/fi_00145.jpg,field_kenya,test,other,0,,miner,117,256,e703fec889f22605e572d687a51fb13bd5ad39091a260b71bde65e4bae693a1e,c00124,1,1
fi_00146,data/field/kenya/images/fi_00146.jpg,field_kenya,test,other,0,,miner,128,128,add9fcc5519eeaca92ed097685aa99f47695ef5c53ce4a4add60c12bf29c8833,c00115,1,1
fi_00147,data/field/kenya/images/fi_00147.jpg,field_kenya,test,other,0,,miner,128,128,0292add8e1219dbca4181941cec5b94442485a6f2ffa3554d7aab807d1222c0b,c00109,2,1
fi_00148,data/field/kenya/images/fi_00148.jpg,field_kenya,test,other,0,,miner,128,128,f776581b4c784a70f3bc96142bcb3f8d8907151f988c789a143a85dc08970e0b,c00102,1,1
fi_00149,data/field/kenya/images/fi_00149.jpg,field_kenya,test,other,0,,miner,128,128,1e7e8f91729dcb10da5e767095855173c01360ada872c2f2de396641b0eaebc9,c00103,1,1
fi_00150,data/field/kenya/images/fi_00150.jpg,field_kenya,test,other,0,,miner,128,128,b94406192f6db10f831eff12a35fd98a82f12f025e128bd8e05b4b4dc6e336aa,c00104,1,1
fi_00151,data/field/kenya/images/fi_00151.jpg,field_kenya,test,other,0,,miner,128,128,7cfb9881c8f371a20c714d4fcd8ad81f0a8b08ad67bd2518cf4ee413f1bb5e85,c00110,1,1
fi_00152,data/field/kenya/images/fi_00152.jpg,field_kenya,test,other,0,,miner,128,128,25403d6330034df6dec66a2c11d95db272322532a9235366197be7a2683e22d2,c00111,1,1
fi_00153,data/field/kenya/images/fi_00153.jpg,field_kenya,test,other,0,,miner,128,128,79610b09c6476d95e8c3f6bec1c70bd56b78adc66d46843d6f78a3f0e9982811,c00128,1,1
fi_00154,data/field/kenya/images/fi_00154.jpg,field_kenya,test,other,0,,miner,128,128,f57e2f4cc0144f7b8c6eaf6556481b3ff0887acfd6ce755d8dccba8614dbf90a,c00125,1,1
fi_00155,data/field/kenya/images/fi_00155.jpg,field_kenya,test,other,0,,miner,126,256,5a2dc1b86461af0db1447dd13cececaef54eb4c933cb9644a09244f6498c2b75,c00127,1,1
fi_00156,data/field/kenya/images/fi_00156.jpg,field_kenya,test,other,0,,miner,128,128,a4e9731520d637aab344f5c88acf4e6300e4a8ccde76c7ea594b320dcd6944db,c00126,1,1
fi_00157,data/field/kenya/images/fi_00157.jpg,field_kenya,test,other,0,,phoma,128,128,867083d39e8f493e98a1d47f17104abf1da8e7c9c04ed30ca8a8205c1f431301,c00136,1,1
fi_00158,data/field/kenya/images/fi_00158.jpg,field_kenya,test,other,0,,phoma,128,128,8a8ee2bfa9d5e81d3506221ef02891632bd6e9adbbceb110e6814d5f68fa6df1,c00135,1,1
fi_00159,data/field/kenya/images/fi_00159.jpg,field_kenya,test,other,0,,phoma,128,128,b100dcc68c3d3a97815aac5935fabccb476e1e84eb306dc69a19cdbc48ac8559,c00152,1,1
fi_00160,data/field/kenya/images/fi_00160.jpg,field_kenya,test,other,0,,phoma,128,128,5fe6b250d87db096eeb70654a2aa6a4e9632c1b2df2f72a18c97f874de43eb48,c00137,1,1
fi_00161,data/field/kenya/images/fi_00161.jpg,field_kenya,test,other,0,,phoma,128,128,f27db05373aa671d9776fc1641b5d689e641dda1bf154c6980fce52a30361243,c00153,1,1
fi_00162,data/field/kenya/images/fi_00162.jpg,field_kenya,test,other,0,,phoma,128,128,ad2067b137e24462f36cdb7c018f92c3a06618bc0fe601cd5e9cacd7a22d36e3,c00151,1,1
fi_00163,data/field/kenya/images/fi_00163.jpg,field_kenya,test,other,0,,phoma,128,128,3d624a9a114682fa2b56e3765abfa891c425df48757e55bb6d983fca7cfd5613,c00150,1,1
fi_00164,data/field/kenya/images/fi_00164.jpg,field_kenya,test,other,0,,phoma,128,128,b5fb31a900dfdb0d688f8ed0b73160a71b67b0a91a082ea6bf4fec9e71a4149d,c00147,1,1
fi_00165,data/field/kenya/images/fi_00165.jpg,field_kenya,test,other,0,,phoma,128,128,840c90a3a1b77914340471c6f39c90a4ad750b50874b29248a96d5466a43ab84,c00148,1,1
fi_00166,data/field/kenya/images/fi_00166.jpg,field_kenya,test,other,0,,phoma,128,128,bb234dd9f94552d373a20fe31048cc2a5287bd9f185474533e3e27d4c15441fb,c00149,1,1
fi_00167,data/field/kenya/images/fi_00167.jpg,field_kenya,test,other,0,,phoma,128,128,e806d9e919a7c3da7b6966774674fa85d939dd157a46a32c9429e1979aaae6f2,c00129,1,1
fi_00168,data/field/kenya/images/fi_00168.jpg,field_kenya,test,other,0,,phoma,128,128,b9e779e63d43690888fb763b70ce5db1238b5735351dd0d71dde156af088c35e,c00131,1,1
fi_00169,data/field/kenya/images/fi_00169.jpg,field_kenya,test,other,0,,phoma,128,128,9ecbafbc0c1d598ace4373bc2c709b53188cae86c190eacecf758e73bb6827e1,c00130,1,1
fi_00170,data/field/kenya/images/fi_00170.jpg,field_kenya,test,other,0,,phoma,128,128,05bb977b2360b5f8bc448af9ae3afe38e7117d1b3367a36be735b863b28487f3,c00142,1,1
fi_00171,data/field/kenya/images/fi_00171.jpg,field_kenya,test,other,0,,phoma,128,128,bf1352ed1dab67c7e6aff72bc6d4063fd8feb2783a4e0b4a287668cd0a4ee8ed,c00143,1,1
fi_00172,data/field/kenya/images/fi_00172.jpg,field_kenya,test,other,0,,phoma,128,128,85be921adeed89886d0c95d3860cc649508768dfaedf0ec773b78955481b07ff,c00141,1,1
fi_00173,data/field/kenya/images/fi_00173.jpg,field_kenya,test,other,0,,phoma,128,128,cd626337e154dc8640630c450bee9eac220335a8f8803e5df56bd1ce03e8e9e1,c00146,1,1
fi_00174,data/field/kenya/images/fi_00174.jpg,field_kenya,test,other,0,,phoma,128,128,75898b5b9e43193a73a64c33401f108e3c2b8f800ce57d0a467712a3f29d2948,c00144,1,1
fi_00175,data/field/kenya/images/fi_00175.jpg,field_kenya,test,other,0,,phoma,128,128,487f872b85c59aad5d225690ea92ef9b3af7b06182da9941d4bd32c8be98a091,c00145,1,1
fi_00176,data/field/kenya/images/fi_00176.jpg,field_kenya,test,other,0,,phoma,128,128,3a1eb257ac1f88fa29c68c85e4317072991bac29dfbf0d10a2bb0cd78ccac45c,c00132,1,1
fi_00177,data/field/kenya/images/fi_00177.jpg,field_kenya,test,other,0,,phoma,128,128,ea0c5fffe6e6d2773278e2fe8170c752fd80713d07970d0015c2706066bad392,c00133,1,1
fi_00178,data/field/kenya/images/fi_00178.jpg,field_kenya,test,other,0,,phoma,128,128,60ee583976af059eb3731862c3a2c69b2c6b614390f159c5db4c978756d10957,c00134,1,1
fi_00179,data/field/kenya/images/fi_00179.jpg,field_kenya,test,other,0,,phoma,128,128,24dd00b0ecc09df699ec4516fbf54c926d0863491df781aa2b1ce0bae54549b0,c00139,1,1
fi_00180,data/field/kenya/images/fi_00180.jpg,field_kenya,test,other,0,,phoma,128,128,df6ffde40d79271528719fd2d79a5b3cf7a8077898e2a584248e77bab502e680,c00138,1,1
fi_00181,data/field/kenya/images/fi_00181.jpg,field_kenya,test,other,0,,phoma,128,128,8602175e12c81f2dbd7c30826ab6d2d9b223f7828ed00f0644bdd438fd45421b,c00140,1,1
fi_00182,data/field/kenya/images/fi_00182.jpg,field_kenya,test,other,0,,phoma,128,128,6eb3a4b5b09c9baf42a31163dfb309a656fe63003af107ea8ac687407b7fb42e,c00162,1,1
fi_00183,data/field/kenya/images/fi_00183.jpg,field_kenya,test,other,0,,phoma,128,128,4bd04e7dc234a58a9bafc8afdd47b8b41fd2bc58ba7d78a20fd43be8c9a6d9c1,c00163,1,1
fi_00184,data/field/kenya/images/fi_00184.jpg,field_kenya,test,other,0,,phoma,128,128,6314a4276da23a8d242d42ec1e15ea41dd954e0e66a54f150f6db671c5c5b2d4,c00164,1,1
fi_00185,data/field/kenya/images/fi_00185.jpg,field_kenya,test,other,0,,phoma,128,128,e5a0f866d8d1508f1b0b12bd18913fa306caa4036ffb196f44f057ad30171e3c,c00154,1,1
fi_00186,data/field/kenya/images/fi_00186.jpg,field_kenya,test,other,0,,phoma,128,128,c9af1ebb513053453245d13b3754b29551cbb7c8af09689010d8daffd15cc2ba,c00161,1,1
fi_00187,data/field/kenya/images/fi_00187.jpg,field_kenya,test,other,0,,phoma,128,128,01d3f485d182b5b1f415125e3918fc6737aa6ff08ed7437c22eb8572ebff94c5,c00155,1,1
fi_00188,data/field/kenya/images/fi_00188.jpg,field_kenya,test,other,0,,phoma,128,128,74bfb9cdda87984c47ba71d981e1d128782df6163fcfdfb861b9c2be8621f310,c00160,1,1
fi_00189,data/field/kenya/images/fi_00189.jpg,field_kenya,test,other,0,,phoma,128,128,51dbf3d76c02c1f01d9a757aa2bf4250a1473b31b5449ec44ae4edd6e102f2e9,c00156,1,1
fi_00190,data/field/kenya/images/fi_00190.jpg,field_kenya,test,other,0,,phoma,128,128,dbdc1737fee9be50cef3db960634d277d551b451b26a1e5301d6d340fd1f0a1f,c00159,1,1
fi_00191,data/field/kenya/images/fi_00191.jpg,field_kenya,test,other,0,,phoma,128,128,0b56d82521a9cf1e30e6603b30732c56aa3754bfc2d7d1cc57ae14a2bae473c0,c00157,1,1
fi_00192,data/field/kenya/images/fi_00192.jpg,field_kenya,test,other,0,,phoma,128,128,6f732ef86f3b5020f83e5ace3c2c0cbcfabe599bb45ed44fa15df6e7c303fabd,c00158,1,1
